wavenumber_cm1,eta3_10deg_percent,eta3_15deg_percent,engineering_threshold_percent
2500.257,4.850598863972145e-07,4.660344394195662e-07,0.1
2500.739,4.838019292732214e-07,4.648524399130629e-07,0.1
2501.221,4.825472484326097e-07,4.636734558435372e-07,0.1
2501.703,4.812958351414059e-07,4.6249747931841306e-07,0.1
2502.186,4.800450945393781e-07,4.613220720175084e-07,0.1
2502.668,4.788001969759555e-07,4.601520931886549e-07,0.1
2503.15,4.775585408869838e-07,4.589850983392113e-07,0.1
2503.632,4.763201176348599e-07,4.5782107966242773e-07,0.1
2504.114,4.750849186059316e-07,4.566600293726981e-07,0.1
2504.596,4.7385293521027924e-07,4.555019397057137e-07,0.1
2505.078,4.726241588818404e-07,4.543468029182414e-07,0.1
2505.56,4.713985810782086e-07,4.531946112881528e-07,0.1
2506.042,4.70176193280539e-07,4.520453571143607e-07,0.1
2506.525,4.689544608213132e-07,4.508966574905259e-07,0.1
2507.007,4.677384341476906e-07,4.497532612643381e-07,0.1
2507.489,4.665255720472748e-07,4.486127795008162e-07,0.1
2507.971,4.653158660951184e-07,4.474752045824166e-07,0.1
2508.453,4.641093078895773e-07,4.463405289122429e-07,0.1
2508.935,4.6290588905222813e-07,4.452087449141516e-07,0.1
2509.417,4.617056012277782e-07,4.440798450325538e-07,0.1
2509.899,4.605084360840416e-07,4.429538217323867e-07,0.1
2510.382,4.5931191125970586e-07,4.41828340280784e-07,0.1
2510.864,4.581209730083768e-07,4.407080535493869e-07,0.1
2511.346,4.5693313256188003e-07,4.395906209014791e-07,0.1
2511.828,4.557483816797233e-07,4.384760348837378e-07,0.1
2512.31,4.545667121441455e-07,4.3736428806294565e-07,0.1
2512.792,4.5338811576014113e-07,4.3625537302621e-07,0.1
2513.274,4.522125843552168e-07,4.3514928238067457e-07,0.1
2513.756,4.510401097795309e-07,4.3404600875362493e-07,0.1
2514.239,4.498682608744182e-07,4.329432645876672e-07,0.1
2514.721,4.487018818973292e-07,4.318456087658368e-07,0.1
2515.203,4.475385354177522e-07,4.30750747949033e-07,0.1
2515.685,4.463782133753777e-07,4.296586748443483e-07,0.1
2516.167,4.45220907732191e-07,4.2856938217864985e-07,0.1
2516.649,4.440666104723025e-07,4.274828626985263e-07,0.1
2517.131,4.429153136019319e-07,4.263991091702769e-07,0.1
2517.613,4.417670091493512e-07,4.253181143798002e-07,0.1
2518.095,4.406216891647594e-07,4.242398711325428e-07,0.1
2518.578,4.3947697880181093e-07,4.2316214377587305e-07,0.1
2519.06,4.383376101423124e-07,4.2208938778102673e-07,0.1
2519.542,4.3720120221636005e-07,4.21019361847958e-07,0.1
2520.024,4.360677471615335e-07,4.199520588599249e-07,0.1
2520.506,4.349372371369841e-07,4.188874717194555e-07,0.1
2520.988,4.338096643235349e-07,4.178255933483629e-07,0.1
2521.47,4.326850209235018e-07,4.167664166875899e-07,0.1
2521.952,4.3156329916065794e-07,4.157099346972578e-07,0.1
2522.435,4.304421731256586e-07,4.146539568501745e-07,0.1
2522.917,4.29326277415506e-07,4.136028487114925e-07,0.1
2523.399,4.282132801261448e-07,4.125544142233114e-07,0.1
2523.881,4.271031735667213e-07,4.1150864642172746e-07,0.1
2524.363,4.259959500674693e-07,4.104655383617782e-07,0.1
2524.845,4.248916019797663e-07,4.094250831171847e-07,0.1
2525.327,4.237901216760089e-07,4.083872737804873e-07,0.1
2525.809,4.2269150154961133e-07,4.073521034629537e-07,0.1
2526.292,4.21593463598247e-07,4.063174258303984e-07,0.1
2526.773,4.205028115069877e-07,4.052896524233908e-07,0.1
2527.256,4.194104678390391e-07,4.04260229417812e-07,0.1
2527.738,4.1832321863696563e-07,4.032355520726032e-07,0.1
2528.22,4.172387918762417e-07,4.0221347956723305e-07,0.1
2528.702,4.161571800749576e-07,4.011940051241041e-07,0.1
2529.184,4.150783757717277e-07,4.001771219838726e-07,0.1
2529.666,4.14002371525662e-07,3.991628234055243e-07,0.1
2530.148,4.129291599163239e-07,3.98151102666233e-07,0.1
2530.63,4.118587335436773e-07,3.971419530613962e-07,0.1
2531.113,4.1078887287206253e-07,3.961332822146318e-07,0.1
2531.595,4.097240005941402e-07,3.951292601368538e-07,0.1
2532.077,4.086618914593015e-07,3.941277891743782e-07,0.1
2532.559,4.076025381484603e-07,3.9312886269481094e-07,0.1
2533.041,4.065459333626484e-07,3.921324740836106e-07,0.1
2533.523,4.054920698229493e-07,3.911386167441579e-07,0.1
2534.005,4.0444094027043153e-07,3.90147284097704e-07,0.1
2534.487,4.033925374660533e-07,3.891584695831701e-07,0.1
2534.969,4.023468541906468e-07,3.881721666572187e-07,0.1
2535.452,4.013017222192146e-07,3.8718633031929017e-07,0.1
2535.934,4.002614620283419e-07,3.86205036188162e-07,0.1
2536.416,3.99223899812761e-07,3.8522623410803483e-07,0.1
2536.898,3.981890284321882e-07,3.842499176059403e-07,0.1
2537.38,3.971568407660036e-07,3.8327608022643673e-07,0.1
2537.862,3.961273297130645e-07,3.823047155315052e-07,0.1
2538.344,3.9510048819171596e-07,3.813358171004841e-07,0.1
2538.826,3.940763091396781e-07,3.803693785300036e-07,0.1
2539.309,3.930526689258905e-07,3.794033960108617e-07,0.1
2539.791,3.920337991904492e-07,3.7844186309084346e-07,0.1
2540.273,3.910175708389616e-07,3.774827709115372e-07,0.1
2540.755,3.900039768863576e-07,3.7652611313849627e-07,0.1
2541.237,3.889930103665967e-07,3.755718834542219e-07,0.1
2541.719,3.8798466433280643e-07,3.746200755582938e-07,0.1
2542.201,3.869789318570922e-07,3.736706831672647e-07,0.1
2542.683,3.859758060305239e-07,3.727237000146415e-07,0.1
2543.166,3.849732068806143e-07,3.717771626344484e-07,0.1
2543.648,3.839752790735872e-07,3.7083498419258185e-07,0.1
2544.13,3.8297993728810236e-07,3.698951962777935e-07,0.1
2544.612,3.819871746906283e-07,3.689577926908347e-07,0.1
2545.094,3.809969844663213e-07,3.680227672491921e-07,0.1
2545.576,3.800093598190152e-07,3.670901137869192e-07,0.1
2546.058,3.790242939711033e-07,3.661598261547481e-07,0.1
2546.54,3.7804178016356425e-07,3.652318982199427e-07,0.1
2547.022,3.770618116558487e-07,3.643063238662589e-07,0.1
2547.505,3.7608235649706645e-07,3.633811840214296e-07,0.1
2547.987,3.751074636868492e-07,3.624603033984058e-07,0.1
2548.469,3.74135096051357e-07,3.615417580937904e-07,0.1
2548.951,3.731652469234066e-07,3.606255420569056e-07,0.1
2549.433,3.721979096541915e-07,3.597116492534062e-07,0.1
2549.915,3.71233077613e-07,3.588000736651339e-07,0.1
2550.397,3.702707441872616e-07,3.5789080929011054e-07,0.1
2550.879,3.693109027824381e-07,3.569838501425083e-07,0.1
2551.362,3.683515631854332e-07,3.56077315750827e-07,0.1
2551.844,3.6739669124707145e-07,3.551749539166523e-07,0.1
2552.326,3.664442916405007e-07,3.542748794364785e-07,0.1
2552.808,3.6549435784293146e-07,3.533770863886417e-07,0.1
2553.29,3.645468833495174e-07,3.524815688672865e-07,0.1
2553.772,3.636018616731081e-07,3.515883209825461e-07,0.1
2554.254,3.6265928634429083e-07,3.506973368602622e-07,0.1
2554.736,3.6171915091125697e-07,3.4980861064213946e-07,0.1
2555.219,3.607795060252696e-07,3.489202996645361e-07,0.1
2555.7,3.598461740136071e-07,3.4803790856365e-07,0.1
2556.183,3.589113868627988e-07,3.4715409354040306e-07,0.1
2556.665,3.579809518490337e-07,3.462743452997152e-07,0.1
2557.147,3.5705292472221253e-07,3.4539682589463946e-07,0.1
2557.629,3.561272991355087e-07,3.445215295605997e-07,0.1
2558.111,3.5520406875941093e-07,3.43648450548541e-07,0.1
2558.593,3.542832272816603e-07,3.427775831247488e-07,0.1
2559.075,3.533647684072205e-07,3.419089215709531e-07,0.1
2559.557,3.52448685858204e-07,3.410424601841763e-07,0.1
2560.04,3.515330801641446e-07,3.4017640246910605e-07,0.1
2560.522,3.506217363985016e-07,3.393143289038547e-07,0.1
2561.004,3.4971275021422855e-07,3.384544384766608e-07,0.1
2561.486,3.48806115401681e-07,3.375967255454929e-07,0.1
2561.968,3.479018257680746e-07,3.3674118448348857e-07,0.1
2562.45,3.469998751375229e-07,3.358878096788513e-07,0.1
2562.932,3.461002573509792e-07,3.35036595534789e-07,0.1
2563.414,3.4520296626615306e-07,3.3418753646957946e-07,0.1
2563.896,3.443079957574413e-07,3.333406269164137e-07,0.1
2564.379,3.434134901341882e-07,3.324941109224515e-07,0.1
2564.861,3.425231472506169e-07,3.3165148818335085e-07,0.1
2565.343,3.416351066538098e-07,3.308109983337097e-07,0.1
2565.825,3.407493622846851e-07,3.299726358661684e-07,0.1
2566.307,3.398659081006123e-07,3.291363952881058e-07,0.1
2566.789,3.389847380754796e-07,3.283022711215682e-07,0.1
2567.271,3.381058461994897e-07,3.2747025790330255e-07,0.1
2567.753,3.3722922647926644e-07,3.266403501846662e-07,0.1
2568.236,3.36353061277723e-07,3.258108272676071e-07,0.1
2568.718,3.354809726370007e-07,3.2498511860071775e-07,0.1
2569.2,3.346111382571287e-07,3.241614991636635e-07,0.1
2569.682,3.337435522096661e-07,3.233399635658836e-07,0.1
2570.164,3.328782085822952e-07,3.225205064313257e-07,0.1
2570.646,3.320151014787899e-07,3.217031223981745e-07,0.1
2571.128,3.311542250189416e-07,3.208878061190989e-07,0.1
2571.61,3.302955733384673e-07,3.200745522609493e-07,0.1
2572.093,3.2943736606023785e-07,3.1926167465875695e-07,0.1
2572.575,3.285831509950329e-07,3.18452533951524e-07,0.1
2573.057,3.277311431999552e-07,3.176454397403572e-07,0.1
2573.539,3.268813368742692e-07,3.16840386748964e-07,0.1
2574.021,3.26033726233005e-07,3.160373697151721e-07,0.1
2574.503,3.251883055068916e-07,3.152363833908447e-07,0.1
2574.985,3.243450689423908e-07,3.1443742254186574e-07,0.1
2575.467,3.235040108014969e-07,3.136404819481512e-07,0.1
2575.949,3.2266512536186535e-07,3.1284555640349333e-07,0.1
2576.432,3.218266732348736e-07,3.120509977479546e-07,0.1
2576.914,3.209921205708039e-07,3.112600908921181e-07,0.1
2577.396,3.201597235220896e-07,3.104711835393505e-07,0.1
2577.878,3.1932947642829866e-07,3.096842705388706e-07,0.1
2578.36,3.185013736442658e-07,3.088993467536216e-07,0.1
2578.842,3.1767540954023025e-07,3.081164070603177e-07,0.1
2579.324,3.168515785016622e-07,3.073354463492649e-07,0.1
2579.806,3.160298749292441e-07,3.065564595244783e-07,0.1
2580.289,3.152085950637287e-07,3.057778314759734e-07,0.1
2580.771,3.143911340713604e-07,3.050027812588441e-07,0.1
2581.253,3.1357578382666136e-07,3.042296897108346e-07,0.1
2581.735,3.127625387908765e-07,3.034585517901377e-07,0.1
2582.217,3.119513934402814e-07,3.026893624683076e-07,0.1
2582.699,3.111423422660292e-07,3.019221167303877e-07,0.1
2583.181,3.1033537977426173e-07,3.011568095747309e-07,0.1
2583.663,3.0953050048601025e-07,3.0039343601305005e-07,0.1
2584.146,3.087260355297828e-07,2.99630413310386e-07,0.1
2584.627,3.07926969678355e-07,2.9887246978485817e-07,0.1
2585.11,3.0712665244381414e-07,2.981132974095548e-07,0.1
2585.592,3.063300557473682e-07,2.973576125715153e-07,0.1
2586.074,3.0553551507017864e-07,2.966038365744253e-07,0.1
2586.556,3.047430250217694e-07,2.95851964509253e-07,0.1
2587.038,3.03952580226244e-07,2.951019914799999e-07,0.1
2587.52,3.0316417532220056e-07,2.9435391260369625e-07,0.1
2588.002,3.023778049628453e-07,2.9360772301042146e-07,0.1
2588.484,3.015934638157896e-07,2.9286341784318535e-07,0.1
2588.967,3.008095255984092e-07,2.921194539063242e-07,0.1
2589.449,3.000292311189937e-07,2.9137890695636495e-07,0.1
2589.931,2.992509499302292e-07,2.9064022992891816e-07,0.1
2590.413,2.984746767572596e-07,2.8990341801849685e-07,0.1
2590.895,2.977004063395268e-07,2.891684664324429e-07,0.1
2591.377,2.969281334306183e-07,2.884353703908127e-07,0.1
2591.859,2.961578527983961e-07,2.8770412512639584e-07,0.1
2592.341,2.953895592248119e-07,2.869747258846366e-07,0.1
2592.823,2.946232475059675e-07,2.862471679236497e-07,0.1
2593.306,2.938573287457526e-07,2.855199427738576e-07,0.1
2593.788,2.930949692656934e-07,2.847960569946775e-07,0.1
2594.27,2.923345761021602e-07,2.840739983363154e-07,0.1
2594.752,2.9157614410728335e-07,2.833537621071167e-07,0.1
2595.234,2.908196681471563e-07,2.826353436278976e-07,0.1
2595.716,2.900651431016622e-07,2.819187382318812e-07,0.1
2596.198,2.893125638645931e-07,2.812039412647402e-07,0.1
2596.68,2.885619253434863e-07,2.804909480844894e-07,0.1
2597.163,2.878116711427361e-07,2.797782804221612e-07,0.1
2597.645,2.870649028312589e-07,2.7906888465728e-07,0.1
2598.127,2.863200600302879e-07,2.783612788175604e-07,0.1
2598.609,2.855771377022165e-07,2.776554583101852e-07,0.1
2599.091,2.848361308229787e-07,2.7695141855449615e-07,0.1
2599.573,2.8409703438210085e-07,2.762491549819644e-07,0.1
2600.055,2.833598433826288e-07,2.755486630362349e-07,0.1
2600.537,2.826245528411089e-07,2.74849938173006e-07,0.1
2601.02,2.818896381879292e-07,2.7415153170918924e-07,0.1
2601.502,2.811581375827473e-07,2.734563310689969e-07,0.1
2601.984,2.804285225554012e-07,2.727628839413303e-07,0.1
2602.466,2.7970078817599375e-07,2.7207118582996024e-07,0.1
2602.948,2.789749295279445e-07,2.713812322505879e-07,0.1
2603.43,2.7825094170792745e-07,2.706930187307889e-07,0.1
2603.912,2.775288198258599e-07,2.7000654081001466e-07,0.1
2604.394,2.7680855900477585e-07,2.693217940395407e-07,0.1
2604.876,2.7609015438093545e-07,2.686387739824253e-07,0.1
2605.359,2.753721163997272e-07,2.679560645199168e-07,0.1
2605.841,2.746574134573604e-07,2.6727648818521044e-07,0.1
2606.323,2.739445521894403e-07,2.665986253143787e-07,0.1
2606.805,2.732335277844148e-07,2.659224715173532e-07,0.1
2607.287,2.725243354437455e-07,2.652480224156889e-07,0.1
2607.769,2.718169703817883e-07,2.6457527364257053e-07,0.1
2608.251,2.71111427825802e-07,2.6390422084271735e-07,0.1
2608.733,2.7040770301590064e-07,2.6323485967239244e-07,0.1
2609.216,2.697043368377544e-07,2.625658023348074e-07,0.1
2609.698,2.690042370382531e-07,2.6189981492549773e-07,0.1
2610.18,2.683059407721297e-07,2.6123550617446854e-07,0.1
2610.662,2.676094433306039e-07,2.6057287178381946e-07,0.1
2611.144,2.669147400175295e-07,2.59911907467035e-07,0.1
2611.626,2.662218261494225e-07,2.592526089489636e-07,0.1
2612.108,2.6553069705538e-07,2.585949719657289e-07,0.1
2612.59,2.648413480771017e-07,2.579389922647273e-07,0.1
2613.073,2.6415234991010804e-07,2.572833097958771e-07,0.1
2613.554,2.634679718971472e-07,2.56631987755414e-07,0.1
2614.037,2.6278251811135773e-07,2.559796055132574e-07,0.1
2614.519,2.621002469130424e-07,2.5533021603893624e-07,0.1
2615.001,2.6141973271665737e-07,2.546824627433746e-07,0.1
2615.483,2.6074097093857017e-07,2.5403634144108746e-07,0.1
2615.965,2.6006395700749505e-07,2.533918479575934e-07,0.1
2616.447,2.593886863644128e-07,2.527489781294677e-07,0.1
2616.929,2.587151544626074e-07,2.5210772780430624e-07,0.1
2617.411,2.580433567675007e-07,2.514680928406585e-07,0.1
2617.894,2.573719003690593e-07,2.5082874707931414e-07,0.1
2618.376,2.5670356110703613e-07,2.501923337880593e-07,0.1
2618.858,2.5603694251179857e-07,2.495575234909716e-07,0.1
2619.34,2.553720400973719e-07,2.4892431209024893e-07,0.1
2619.822,2.5470884938984124e-07,2.482926954988653e-07,0.1
2620.304,2.5404736592732897e-07,2.476626696405901e-07,0.1
2620.786,2.533875852599025e-07,2.470342304499832e-07,0.1
2621.268,2.527295029495716e-07,2.464073738723139e-07,0.1
2621.75,2.520731145703247e-07,2.4578209586356226e-07,0.1
2622.233,2.514170591647491e-07,2.4515710003371426e-07,0.1
2622.715,2.507640489084686e-07,2.445349703275506e-07,0.1
2623.197,2.501127193671758e-07,2.439144071138511e-07,0.1
2623.679,2.4946306616214775e-07,2.432954063911422e-07,0.1
2624.161,2.488150849264652e-07,2.4267796416851644e-07,0.1
2624.643,2.4816877130485697e-07,2.420620764655356e-07,0.1
2625.125,2.475241209538014e-07,2.414477393123554e-07,0.1
2625.607,2.468811295414251e-07,2.408349487495145e-07,0.1
2626.09,2.46238463890132e-07,2.402224342796576e-07,0.1
2626.572,2.455987808252452e-07,2.3961272824921685e-07,0.1
2627.054,2.449607437640128e-07,2.390045569852321e-07,0.1
2627.536,2.44324348420842e-07,2.3839791656989362e-07,0.1
2628.018,2.43689590521644e-07,2.3779280309570415e-07,0.1
2628.5,2.430564658037924e-07,2.3718921266548657e-07,0.1
2628.982,2.424249700160562e-07,2.365871413923249e-07,0.1
2629.464,2.417950989186203e-07,2.359865853995197e-07,0.1
2629.947,2.4116554654e-07,2.353862995579708e-07,0.1
2630.429,2.405389154979454e-07,2.3478876566039347e-07,0.1
2630.911,2.399138964860659e-07,2.341927354663237e-07,0.1
2631.393,2.392904853098013e-07,2.335982051398249e-07,0.1
2631.875,2.3866867778588005e-07,2.3300517085498846e-07,0.1
2632.357,2.3804846974217945e-07,2.3241362879603098e-07,0.1
2632.839,2.374298570177892e-07,2.3182357515717701e-07,0.1
2633.321,2.368128354628988e-07,2.3123500614271413e-07,0.1
2633.803,2.3619740093885963e-07,2.306479179668725e-07,0.1
2634.286,2.3558227740955483e-07,2.300610934258515e-07,0.1
2634.768,2.349700078466813e-07,2.294769586625896e-07,0.1
2635.25,2.3435931295647843e-07,2.288942934325901e-07,0.1
2635.732,2.337501886444591e-07,2.2831309398983318e-07,0.1
2636.214,2.3314263082699267e-07,2.277333565981151e-07,0.1
2636.696,2.3253663543151002e-07,2.2715507753109258e-07,0.1
2637.178,2.319321983962425e-07,2.26578253072202e-07,0.1
2637.66,2.313293156703195e-07,2.260028795146573e-07,0.1
2638.143,2.307267372446879e-07,2.254277639446428e-07,0.1
2638.625,2.301269542319453e-07,2.248552840994154e-07,0.1
2639.107,2.295287134325032e-07,2.2428424408590437e-07,0.1
2639.589,2.2893201083865546e-07,2.23714640236197e-07,0.1
2640.071,2.2833684245342687e-07,2.2314646889197946e-07,0.1
2640.553,2.277432042905354e-07,2.2257972640457323e-07,0.1
2641.035,2.2715109237434895e-07,2.220144091348493e-07,0.1
2641.517,2.265605027398574e-07,2.2145051345327859e-07,0.1
2642.0,2.259702108685501e-07,2.2088687024510417e-07,0.1
2642.481,2.253838745088377e-07,2.2032697238406667e-07,0.1
2642.964,2.247966137384935e-07,2.197661601439098e-07,0.1
2643.446,2.2421207691364026e-07,2.1920791762549985e-07,0.1
2643.928,2.236290426956621e-07,2.186510786826094e-07,0.1
2644.41,2.230475071827226e-07,2.180956397425007e-07,0.1
2644.892,2.224674664833826e-07,2.1754159724186605e-07,0.1
2645.374,2.218889167165883e-07,2.1698894762670613e-07,0.1
2645.856,2.213118540116854e-07,2.16437687352375e-07,0.1
2646.338,2.2073627450832505e-07,2.158878128835249e-07,0.1
2646.821,2.201609848124293e-07,2.1533818417792213e-07,0.1
2647.303,2.1958836322953202e-07,2.1479107360791505e-07,0.1
2647.785,2.1901721332091578e-07,2.1424533828562402e-07,0.1
2648.267,2.184475312673075e-07,2.1370097471266539e-07,0.1
2648.749,2.1787931325963705e-07,2.131579793998499e-07,0.1
2649.231,2.1731255549897762e-07,2.126163488670859e-07,0.1
2649.713,2.1674725419650637e-07,2.1207607964348134e-07,0.1
2650.195,2.1618340557360395e-07,2.115371682671753e-07,0.1
2650.677,2.1562100586161974e-07,2.1099961128543297e-07,0.1
2651.16,2.150588889954968e-07,2.1046229419582386e-07,0.1
2651.642,2.1449937882633066e-07,2.099274384732254e-07,0.1
2652.124,2.1394130631473346e-07,2.093939268339982e-07,0.1
2652.606,2.133846677321745e-07,2.0886175586147157e-07,0.1
2653.088,2.1282945936001354e-07,2.0833092214792557e-07,0.1
2653.57,2.1227567748957317e-07,2.078014222945314e-07,0.1
2654.052,2.117233184220435e-07,2.072732529114e-07,0.1
2654.534,2.111723784684595e-07,2.067464106174754e-07,0.1
2655.017,2.106217153261438e-07,2.062198031267838e-07,0.1
2655.499,2.100736054980523e-07,2.056956076394663e-07,0.1
2655.981,2.0952690376833693e-07,2.051727291443584e-07,0.1
2656.463,2.089816064872085e-07,2.046511642957353e-07,0.1
2656.945,2.084377100146091e-07,2.041309097566216e-07,0.1
2657.427,2.078952107201618e-07,2.036119621987555e-07,0.1
2657.909,2.0735410498317658e-07,2.0309431830260085e-07,0.1
2658.391,2.06814389192587e-07,2.025779747573086e-07,0.1
2658.874,2.0627494431950106e-07,2.020618610454758e-07,0.1
2659.356,2.057380004920021e-07,2.0154811098469118e-07,0.1
2659.838,2.0520243582790163e-07,2.010356513872901e-07,0.1
2660.32,2.0466824675441e-07,2.0052447897693245e-07,0.1
2660.802,2.041354297083199e-07,2.0001459048587269e-07,0.1
2661.284,2.036039811358633e-07,1.995059826548973e-07,0.1
2661.766,2.030738974927205e-07,1.9899865223329085e-07,0.1
2662.248,2.0254517524404437e-07,1.9849259597887886e-07,0.1
2662.73,2.020178108643702e-07,1.979878106579547e-07,0.1
2663.213,2.014907109358697e-07,1.9748324971841838e-07,0.1
2663.695,2.0096605455415845e-07,1.969809992171409e-07,0.1
2664.177,2.00442745513951e-07,1.964800099921447e-07,0.1
2664.659,1.9992078032712315e-07,1.959802788433979e-07,0.1
2665.141,1.9940015551484357e-07,1.9548180257923477e-07,0.1
2665.623,1.9888086760754999e-07,1.9498457801631666e-07,0.1
2666.105,1.9836291314485906e-07,1.9448860197962314e-07,0.1
2666.587,1.9784628867563937e-07,1.9399387130243146e-07,0.1
2667.07,1.9732992305163642e-07,1.934993602803343e-07,0.1
2667.552,1.96815950994015e-07,1.93007113422367e-07,0.1
2668.034,1.963032986241969e-07,1.92516102466726e-07,0.1
2668.516,1.957919625275909e-07,1.920263242796581e-07,0.1
2668.998,1.952819392986352e-07,1.915377757355415e-07,0.1
2669.48,1.9477322554085099e-07,1.9105045371697618e-07,0.1
2669.962,1.9426581786676725e-07,1.9056435511464409e-07,0.1
2670.444,1.9375971289789388e-07,1.90079476827377e-07,0.1
2670.927,1.9325386129845906e-07,1.895948135790268e-07,0.1
2671.408,1.9275139760670978e-07,1.8911336883371385e-07,0.1
2671.891,1.9224813996950877e-07,1.886311358074142e-07,0.1
2672.373,1.917472148871515e-07,1.881511104330515e-07,0.1
2672.855,1.912475757447744e-07,1.876722899824222e-07,0.1
2673.337,1.9074921921737426e-07,1.8719467140256114e-07,0.1
2673.819,1.902521419887586e-07,1.8671825164848821e-07,0.1
2674.301,1.897563407515528e-07,1.8624302768315158e-07,0.1
2674.783,1.8926181220713838e-07,1.8576899647743013e-07,0.1
2675.265,1.8876855306565806e-07,1.852961550100591e-07,0.1
2675.748,1.8827554062742505e-07,1.8482352296239256e-07,0.1
2676.23,1.877848130737361e-07,1.8435305439224234e-07,0.1
2676.712,1.872953450988768e-07,1.8388376653769416e-07,0.1
2677.194,1.8680713344778973e-07,1.8341565640887138e-07,0.1
2677.676,1.863201748740131e-07,1.8294872102371698e-07,0.1
2678.158,1.8583446613969886e-07,1.824829574079322e-07,0.1
2678.64,1.853500040155749e-07,1.820183625949659e-07,0.1
2679.122,1.848667852809512e-07,1.815549336259944e-07,0.1
2679.604,1.843848067236526e-07,1.810926675498888e-07,0.1
2680.087,1.839030690344537e-07,1.8063060597520486e-07,0.1
2680.569,1.834235637857052e-07,1.8017065925956842e-07,0.1
2681.051,1.829452891221449e-07,1.7971186662335365e-07,0.1
2681.533,1.8246824186552626e-07,1.7925422514610137e-07,0.1
2682.015,1.819924188460345e-07,1.787977319148968e-07,0.1
2682.497,1.8151781690222402e-07,1.7834238402440618e-07,0.1
2682.979,1.810444328810401e-07,1.7788817857688917e-07,0.1
2683.461,1.80572263637783e-07,1.7743511268211916e-07,0.1
2683.944,1.80100330202934e-07,1.7698224702445518e-07,0.1
2684.426,1.79630583618706e-07,1.765314539438595e-07,0.1
2684.908,1.7916204242167181e-07,1.7608179178442055e-07,0.1
2685.39,1.7869470350030973e-07,1.756332576859087e-07,0.1
2685.872,1.7822856375133009e-07,1.751858487954892e-07,0.1
2686.354,1.7776362007964413e-07,1.747395622677716e-07,0.1
2686.836,1.7729986939838253e-07,1.742943952647559e-07,0.1
2687.318,1.768373086288111e-07,1.7385034495580258e-07,0.1
2687.801,1.7637497872463427e-07,1.734064907183036e-07,0.1
2688.283,1.7591479102764737e-07,1.7296466763718945e-07,0.1
2688.765,1.7545578404863834e-07,1.725239527965145e-07,0.1
2689.247,1.749979547413744e-07,1.720843433949799e-07,0.1
2689.729,1.7454130006762968e-07,1.716458366385359e-07,0.1
2690.211,1.740858169972513e-07,1.7120842974044357e-07,0.1
2690.693,1.7363150250806717e-07,1.7077211992115598e-07,0.1
2691.175,1.731783535859209e-07,1.703369044083803e-07,0.1
2691.657,1.7272636722460806e-07,1.6990278043697477e-07,0.1
2692.14,1.722746063038501e-07,1.69468847965665e-07,0.1
2692.622,1.7182493847380064e-07,1.6903690106074086e-07,0.1
2693.104,1.7137642422737976e-07,1.6860603743918496e-07,0.1
2693.586,1.7092906059008438e-07,1.6817625436451153e-07,0.1
2694.068,1.7048284459520724e-07,1.677475491073293e-07,0.1
2694.55,1.7003777328395416e-07,1.6731991894531006e-07,0.1
2695.032,1.695938437052654e-07,1.6689336116324109e-07,0.1
2695.514,1.691510529159478e-07,1.664678730529044e-07,0.1
2695.997,1.6870848286267778e-07,1.660425724785783e-07,0.1
2696.479,1.6826796320088538e-07,1.6561921782043809e-07,0.1
2696.961,1.678285735392905e-07,1.6519692474594617e-07,0.1
2697.443,1.673903109656431e-07,1.6477569057491645e-07,0.1
2697.925,1.6695317257535935e-07,1.6435551263408838e-07,0.1
2698.407,1.6651715547158574e-07,1.6393638825716293e-07,0.1
2698.889,1.660822567650501e-07,1.635183147847215e-07,0.1
2699.371,1.6564847357413846e-07,1.6310128956426877e-07,0.1
2699.854,1.65214906522705e-07,1.6268444800700778e-07,0.1
2700.335,1.647842422507296e-07,1.622703733036801e-07,0.1
2700.818,1.6435289648379145e-07,1.6185561936638096e-07,0.1
2701.3,1.6392354897860496e-07,1.6144276291626633e-07,0.1
2701.782,1.6349530268869118e-07,1.6103094155293472e-07,0.1
2702.264,1.630681547777888e-07,1.6062015266488228e-07,0.1
2702.746,1.6264210241707564e-07,1.602103936473638e-07,0.1
2703.228,1.6221714278517433e-07,1.5980166190236694e-07,0.1
2703.71,1.6179327306820638e-07,1.5939395483861105e-07,0.1
2704.192,1.6137049045966434e-07,1.5898726987154821e-07,0.1
2704.675,1.609479183929209e-07,1.5858076385172606e-07,0.1
2705.157,1.605273038522414e-07,1.581761174582629e-07,0.1
2705.639,1.6010776803905724e-07,1.577724854425454e-07,0.1
2706.121,1.5968930817634924e-07,1.5736986524670464e-07,0.1
2706.603,1.5927192149444365e-07,1.5696825431944598e-07,0.1
2707.085,1.588556052309385e-07,1.56567650116124e-07,0.1
2707.567,1.5844035663073816e-07,1.56168050098656e-07,0.1
2708.049,1.580261729459791e-07,1.5576945173550885e-07,0.1
2708.531,1.5761305143604385e-07,1.5537185250172481e-07,0.1
2709.014,1.5720013556636066e-07,1.5497442808609048e-07,0.1
2709.496,1.567891324026073e-07,1.5457882162210084e-07,0.1
2709.978,1.5637918322942938e-07,1.541842067465034e-07,0.1
2710.46,1.5597028533497537e-07,1.537905809603828e-07,0.1
2710.942,1.555624360145462e-07,1.5339794177126009e-07,0.1
2711.424,1.5515563257055986e-07,1.530062866931092e-07,0.1
2711.906,1.5474987231252378e-07,1.52615613246358e-07,0.1
2712.388,1.5434515255704017e-07,1.52225918957791e-07,0.1
2712.871,1.539406341903445e-07,1.5183639590613852e-07,0.1
2713.353,1.5353798956283385e-07,1.5144865455863518e-07,0.1
2713.835,1.531363774244462e-07,1.5106188498297184e-07,0.1
2714.317,1.5273579511990116e-07,1.506760847314337e-07,0.1
2714.799,1.5233624000096574e-07,1.50291251362647e-07,0.1
2715.281,1.5193770942631578e-07,1.499073824415379e-07,0.1
2715.763,1.5154020076158493e-07,1.4952447553932042e-07,0.1
2716.245,1.511437113793452e-07,1.49142528233488e-07,0.1
2716.728,1.507474192312867e-07,1.4876074866514284e-07,0.1
2717.21,1.503529626605017e-07,1.4838071528788197e-07,0.1
2717.692,1.4995951752591158e-07,1.4800163427196706e-07,0.1
2718.174,1.495670812276161e-07,1.4762350321981225e-07,0.1
2718.656,1.4917565117256813e-07,1.4724631974003737e-07,0.1
2719.138,1.4878522477452516e-07,1.4687008144743737e-07,0.1
2719.62,1.4839579945404122e-07,1.464947859629387e-07,0.1
2720.102,1.4800737263844937e-07,1.4612043091364453e-07,0.1
2720.584,1.476199417618469e-07,1.4574701393276436e-07,0.1
2721.067,1.472327035583709e-07,1.4537376084790157e-07,0.1
2721.549,1.4684725894197677e-07,1.4500221486183021e-07,0.1
2722.031,1.4646280260196813e-07,1.4463159987550498e-07,0.1
2722.513,1.460793319993042e-07,1.4426191354646865e-07,0.1
2722.995,1.4569684460161505e-07,1.4389315353831186e-07,0.1
2723.477,1.4531533788317794e-07,1.435253175206595e-07,0.1
2723.959,1.449348093249116e-07,1.4315840316912953e-07,0.1
2724.441,1.4455525641436297e-07,1.4279240816534342e-07,0.1
2724.924,1.4417589222027413e-07,1.42426573725381e-07,0.1
2725.406,1.4379828510527678e-07,1.420624123812127e-07,0.1
2725.888,1.434216461349161e-07,1.4169916346069086e-07,0.1
2726.37,1.430459728230163e-07,1.4133682466923537e-07,0.1
2726.852,1.4267126268991224e-07,1.409753937182136e-07,0.1
2727.334,1.4229751326247992e-07,1.4061486832489284e-07,0.1
2727.816,1.419247220740347e-07,1.4025524621237837e-07,0.1
2728.298,1.4155288666441157e-07,1.3989652510971085e-07,0.1
2728.781,1.4118123610424517e-07,1.3953796131434801e-07,0.1
2729.262,1.4081207337310018e-07,1.3918177687907953e-07,0.1
2729.745,1.4044232606302693e-07,1.38825007511451e-07,0.1
2730.227,1.4007429125574038e-07,1.384698697031268e-07,0.1
2730.709,1.3970720001775445e-07,1.3811562163243492e-07,0.1
2731.191,1.39341049927376e-07,1.3776226106324925e-07,0.1
2731.673,1.3897583856921692e-07,1.374097857652216e-07,0.1
2732.155,1.386115635342666e-07,1.37058193513708e-07,0.1
2732.637,1.382482224198089e-07,1.367074820898393e-07,0.1
2733.119,1.3788581282941493e-07,1.363576492804045e-07,0.1
2733.602,1.3752358337768146e-07,1.360079698114945e-07,0.1
2734.084,1.37163031591521e-07,1.3565988942559634e-07,0.1
2734.566,1.368034041728713e-07,1.353126810441521e-07,0.1
2735.048,1.364446987503502e-07,1.3496634247668557e-07,0.1
2735.53,1.3608691295877334e-07,1.346208715383395e-07,0.1
2736.012,1.357300444391759e-07,1.3427626604988766e-07,0.1
2736.494,1.3537409083875284e-07,1.339325238377159e-07,0.1
2736.976,1.3501904981087808e-07,1.3358964273379554e-07,0.1
2737.458,1.3466491901505656e-07,1.332476205756444e-07,0.1
2737.941,1.343109642314826e-07,1.3290574828354674e-07,0.1
2738.423,1.3395864877916608e-07,1.3256543932269814e-07,0.1
2738.905,1.3360723656932697e-07,1.3222598284910656e-07,0.1
2739.387,1.332567252859247e-07,1.318873767224715e-07,0.1
2739.869,1.3290711261893504e-07,1.315496188080207e-07,0.1
2740.351,1.3255839626443026e-07,1.312127069764289e-07,0.1
2740.833,1.3221057392448369e-07,1.3087663910385725e-07,0.1
2741.315,1.3186364330717226e-07,1.305414130719209e-07,0.1
2741.798,1.315168851218301e-07,1.3020633389160428e-07,0.1
2742.28,1.3117173293626936e-07,1.2987278694317717e-07,0.1
2742.762,1.3082746562883e-07,1.2954007550848948e-07,0.1
2743.244,1.3048408093153805e-07,1.2920819749084546e-07,0.1
2743.726,1.301415765822825e-07,1.2887715079896098e-07,0.1
2744.208,1.2979995032493061e-07,1.2854693334687308e-07,0.1
2744.69,1.2945919990920816e-07,1.2821754305401844e-07,0.1
2745.172,1.2911932309076314e-07,1.2788897784515966e-07,0.1
2745.655,1.287796152044751e-07,1.2756055654141906e-07,0.1
2746.137,1.2844148067176722e-07,1.272336369972156e-07,0.1
2746.619,1.2810421303374378e-07,1.2690753633893372e-07,0.1
2747.101,1.277678100694333e-07,1.2658225251257966e-07,0.1
2747.583,1.2743226956365121e-07,1.2625778346941398e-07,0.1
2748.065,1.2709758930702552e-07,1.2593412716596253e-07,0.1
2748.547,1.2676376709592686e-07,1.256112815640003e-07,0.1
2749.029,1.2643080073252054e-07,1.2528924463052128e-07,0.1
2749.511,1.2609868802468352e-07,1.2496801433773354e-07,0.1
2749.994,1.2576674040563717e-07,1.246469247144892e-07,0.1
2750.476,1.2543633021524266e-07,1.2432730330356378e-07,0.1
2750.958,1.251067671338792e-07,1.240084824769425e-07,0.1
2751.44,1.2477804899226426e-07,1.2369046022756296e-07,0.1
2751.922,1.244501736267769e-07,1.233732345535192e-07,0.1
2752.404,1.2412313887944096e-07,1.2305680345804052e-07,0.1
2752.886,1.2379694259793557e-07,1.2274116494944676e-07,0.1
2753.368,1.2347158263553594e-07,1.224263170411891e-07,0.1
2753.851,1.2314638442676934e-07,1.2211160699489756e-07,0.1
2754.333,1.228226924088573e-07,1.2179833597797478e-07,0.1
2754.815,1.224998302990485e-07,1.2148584962812606e-07,0.1
2755.297,1.221777959730014e-07,1.211741459790771e-07,0.1
2755.779,1.2185658731184658e-07,1.20863223069604e-07,0.1
2756.261,1.2153620220229106e-07,1.2055307894351013e-07,0.1
2756.743,1.212166385365492e-07,1.2024371164959665e-07,0.1
2757.225,1.2089789421233185e-07,1.199351192416689e-07,0.1
2757.708,1.2057930838114364e-07,1.1962666195106112e-07,0.1
2758.189,1.2026285520669838e-07,1.1932025132391146e-07,0.1
2758.672,1.199459009701081e-07,1.190133373102621e-07,0.1
2759.154,1.196304147789194e-07,1.1870782667341325e-07,0.1
2759.636,1.1931573749546338e-07,1.18403081262075e-07,0.1
2760.118,1.1900186705016477e-07,1.1809909915977948e-07,0.1
2760.6,1.186888013787955e-07,1.1779587845494219e-07,0.1
2761.082,1.1837653842255101e-07,1.1749341724088805e-07,0.1
2761.564,1.18065076127997e-07,1.1719171361580985e-07,0.1
2762.046,1.1775441244701338e-07,1.1689076568275865e-07,0.1
2762.529,1.174439032856468e-07,1.1658994952251967e-07,0.1
2763.011,1.171348323551743e-07,1.1629050886015038e-07,0.1
2763.493,1.1682655392174388e-07,1.1599181822416845e-07,0.1
2763.975,1.1651906595853681e-07,1.1569387573696673e-07,0.1
2764.457,1.1621236644402875e-07,1.153966795257659e-07,0.1
2764.939,1.1590645336193617e-07,1.1510022772254264e-07,0.1
2765.421,1.1560132470123323e-07,1.1480451846409459e-07,0.1
2765.903,1.152969784561521e-07,1.1450954989194356e-07,0.1
2766.385,1.1499341262612482e-07,1.1421532015237074e-07,0.1
2766.868,1.1468999783393702e-07,1.1392121925509138e-07,0.1
2767.35,1.1438798846195056e-07,1.1362846316176761e-07,0.1
2767.832,1.1408675353044489e-07,1.1333644036445233e-07,0.1
2768.314,1.1378629105962181e-07,1.1304514902832755e-07,0.1
2768.796,1.1348659907483994e-07,1.1275458732325568e-07,0.1
2769.278,1.131876756066028e-07,1.1246475342376563e-07,0.1
2769.76,1.1288951869055229e-07,1.1217564550906809e-07,0.1
2770.242,1.1259212636741669e-07,1.1188726176302293e-07,0.1
2770.725,1.1229488206016723e-07,1.115990043158798e-07,0.1
2771.207,1.1199901464164905e-07,1.1131206497025335e-07,0.1
2771.689,1.117039059647877e-07,1.1102584436889152e-07,0.1
2772.171,1.1140955409065841e-07,1.1074034071411973e-07,0.1
2772.653,1.1111595708535255e-07,1.1045555221287849e-07,0.1
2773.135,1.1082311302002269e-07,1.1017147707668877e-07,0.1
2773.617,1.1053101997083012e-07,1.098881135216133e-07,0.1
2774.099,1.1023967601892997e-07,1.0960545976827797e-07,0.1
2774.582,1.099484771279763e-07,1.09322929827004e-07,0.1
2775.064,1.0965862717832638e-07,1.0904169182064801e-07,0.1
2775.546,1.0936952059540215e-07,1.0876115830148443e-07,0.1
2776.028,1.0908115548024268e-07,1.08481327508227e-07,0.1
2776.51,1.0879352993883965e-07,1.082021976841171e-07,0.1
2776.992,1.0850664208211557e-07,1.0792376707686986e-07,0.1
2777.474,1.0822049002588853e-07,1.076460339386558e-07,0.1
2777.956,1.079350718908784e-07,1.0736899652610881e-07,0.1
2778.438,1.0765038580268085e-07,1.0709265310031009e-07,0.1
2778.921,1.073658415293607e-07,1.0681643075478085e-07,0.1
2779.403,1.0708261544016984e-07,1.0654147153429168e-07,0.1
2779.885,1.0680011579992388e-07,1.0626720110679529e-07,0.1
2780.367,1.065183407536488e-07,1.0599361775104205e-07,0.1
2780.849,1.0623728845117043e-07,1.0572071975018573e-07,0.1
2781.331,1.0595695704714301e-07,1.0544850539175145e-07,0.1
2781.813,1.056773447009889e-07,1.0517697296761257e-07,0.1
2782.295,1.0539844957693433e-07,1.0490612077402712e-07,0.1
2782.778,1.0511969344995114e-07,1.0463538728946259e-07,0.1
2783.26,1.048422287603142e-07,1.0436589186552029e-07,0.1
2783.742,1.045654758101916e-07,1.0409707158334529e-07,0.1
2784.224,1.0428943278280647e-07,1.0382892475649813e-07,0.1
2784.706,1.0401409786608849e-07,1.0356144970281493e-07,0.1
2785.188,1.037394692526678e-07,1.0329464474442347e-07,0.1
2785.67,1.0346554513987853e-07,1.030285082077384e-07,0.1
2786.152,1.031923237297263e-07,1.0276303842340465e-07,0.1
2786.635,1.0291923856100924e-07,1.024976850292103e-07,0.1
2787.116,1.0264798184867053e-07,1.022340924557204e-07,0.1
2787.599,1.0237629603068692e-07,1.0197006700368988e-07,0.1
2788.081,1.0210586898547945e-07,1.0170724898810889e-07,0.1
2788.563,1.0183613571899052e-07,1.0144508943832257e-07,0.1
2789.045,1.0156709446105345e-07,1.0118358671035238e-07,0.1
2789.527,1.0129874344607941e-07,1.0092273916437946e-07,0.1
2790.009,1.0103108091305965e-07,1.0066254516478453e-07,0.1
2790.491,1.0076410510554153e-07,1.0040300308007957e-07,0.1
2790.973,1.0049781427165804e-07,1.001441112829618e-07,0.1
2791.456,1.0023165631992905e-07,9.988533304926272e-08,0.1
2791.938,9.996673160785377e-08,9.962773830261299e-08,0.1
2792.42,9.970248663735263e-08,9.937078898303705e-08,0.1
2792.902,9.943891967464422e-08,9.911448347970746e-08,0.1
2793.384,9.917602899044013e-08,9.885882018589744e-08,0.1
2793.866,9.89138128599421e-08,9.860379749897793e-08,0.1
2794.348,9.865226956279757e-08,9.834941382038899e-08,0.1
2794.83,9.839139738315405e-08,9.809566755562864e-08,0.1
2795.312,9.813119460956507e-08,9.784255711426589e-08,0.1
2795.795,9.787112177341177e-08,9.758955775852946e-08,0.1
2796.277,9.761225407533405e-08,9.73377155196975e-08,0.1
2796.759,9.735405067205773e-08,9.7086504353867e-08,0.1
2797.241,9.709650986981844e-08,9.68359226867115e-08,0.1
2797.723,9.683962997926059e-08,9.658596894791918e-08,0.1
2798.205,9.6583409315379e-08,9.633664157113317e-08,0.1
2798.687,9.632784619754065e-08,9.60879389940169e-08,0.1
2799.169,9.607293894946993e-08,9.583985965815993e-08,0.1
2799.652,9.581815908214589e-08,9.559188925670104e-08,0.1
2800.134,9.556455991417529e-08,9.534505302902876e-08,0.1
2800.616,9.53116116096811e-08,9.509883538797793e-08,0.1
2801.098,9.505931250966757e-08,9.485323479093166e-08,0.1
2801.58,9.4807660959462e-08,9.460824969918823e-08,0.1
2802.062,9.455665530865285e-08,9.436387857797877e-08,0.1
2802.544,9.430629391110637e-08,9.412011989641193e-08,0.1
2803.026,9.405657512495213e-08,9.387697212749129e-08,0.1
2803.509,9.380698121876436e-08,9.363393118881843e-08,0.1
2803.991,9.3558544071472e-08,9.339200193922973e-08,0.1
2804.473,9.331074463202537e-08,9.31506790413527e-08,0.1
2804.955,9.306358127546113e-08,9.290996098363889e-08,0.1
2805.437,9.281705238105297e-08,9.266984625837078e-08,0.1
2805.919,9.257115633225169e-08,9.243033336165468e-08,0.1
2806.401,9.232589151669413e-08,9.219142079343136e-08,0.1
2806.883,9.208125632617453e-08,9.195310705742009e-08,0.1
2807.365,9.183724915666408e-08,9.171539066114627e-08,0.1
2807.848,9.159336411900777e-08,9.147777878295176e-08,0.1
2808.33,9.135060949063217e-08,9.124125383546849e-08,0.1
2808.812,9.110847809267988e-08,9.100532176990397e-08,0.1
2809.294,9.08669683376599e-08,9.076998110889006e-08,0.1
2809.776,9.062607864215456e-08,9.05352303787782e-08,0.1
2810.258,9.038580742685225e-08,9.030106810966893e-08,0.1
2810.74,9.01461531165306e-08,9.00674928353899e-08,0.1
2811.222,8.990711414002209e-08,8.98345030934872e-08,0.1
2811.705,8.966819490903852e-08,8.960161586189683e-08,0.1
2812.187,8.943038317140977e-08,8.936979401941334e-08,0.1
2812.669,8.919318207519185e-08,8.913855334111174e-08,0.1
2813.151,8.89565900654225e-08,8.890789237933105e-08,0.1
2813.633,8.8720605591114e-08,8.86778096900258e-08,0.1
2814.115,8.848522710533e-08,8.844830383285905e-08,0.1
2814.597,8.825045306509369e-08,8.821937337111905e-08,0.1
2815.079,8.801628193143451e-08,8.79910168717405e-08,0.1
2815.562,8.778222820883685e-08,8.77627609185839e-08,0.1
2816.043,8.754974224779115e-08,8.753602004591305e-08,0.1
2816.526,8.731688916179607e-08,8.730890724858676e-08,0.1
2817.008,8.708511558055116e-08,8.708283351790735e-08,0.1
2817.49,8.685393726724064e-08,8.685732663556287e-08,0.1
2817.972,8.662335270658194e-08,8.66323851901311e-08,0.1
2818.454,8.639336038719499e-08,8.640800777376146e-08,0.1
2818.936,8.616395880161243e-08,8.618419298216496e-08,0.1
2819.418,8.59351464462457e-08,8.596093941460996e-08,0.1
2819.9,8.57069218213903e-08,8.573824567390424e-08,0.1
2820.383,8.547881176075071e-08,8.551565008428283e-08,0.1
2820.865,8.525175932488667e-08,8.529407297407998e-08,0.1
2821.347,8.502529014050794e-08,8.50730515174749e-08,0.1
2821.829,8.479940272333914e-08,8.485258433135214e-08,0.1
2822.311,8.457409559292694e-08,8.463267003613127e-08,0.1
2822.793,8.434936727264293e-08,8.441330725569908e-08,0.1
2823.275,8.412521628964425e-08,8.419449461742878e-08,0.1
2823.757,8.390164117490607e-08,8.39762307521696e-08,0.1
2824.24,8.367817840219935e-08,8.375806316842062e-08,0.1
2824.722,8.345575181921388e-08,8.354089388702488e-08,0.1
2825.204,8.323389671706684e-08,8.332426928909865e-08,0.1
2825.686,8.301261164183389e-08,8.31081880192975e-08,0.1
2826.168,8.279189514333115e-08,8.289264872569118e-08,0.1
2826.65,8.257174577511324e-08,8.267765005977512e-08,0.1
2827.132,8.235216209446605e-08,8.24631906764518e-08,0.1
2827.614,8.213314266237935e-08,8.22492692340135e-08,0.1
2828.096,8.191468604357659e-08,8.20358843941619e-08,0.1
2828.579,8.169633932420369e-08,8.182259378082653e-08,0.1
2829.061,8.14790052011083e-08,8.161027925109959e-08,0.1
2829.543,8.12622296046008e-08,8.13984973265359e-08,0.1
2830.025,8.104601111414347e-08,8.118724668230361e-08,0.1
2830.507,8.083034831285135e-08,8.097652599691975e-08,0.1
2830.989,8.061523978747085e-08,8.076633395224929e-08,0.1
2831.471,8.040068412839485e-08,8.055666923347738e-08,0.1
2831.953,8.018667992965982e-08,8.034753052910163e-08,0.1
2832.436,7.99727835088187e-08,8.013848426635633e-08,0.1
2832.918,7.975987916416391e-08,7.993039475408633e-08,0.1
2833.4,7.95475220807182e-08,7.972282733888258e-08,0.1
2833.882,7.933571086695211e-08,7.95157807224596e-08,0.1
2834.364,7.912444413489117e-08,7.930925360978929e-08,0.1
2834.846,7.891372050016716e-08,7.91032447091365e-08,0.1
2835.328,7.87035385819363e-08,7.889775273201373e-08,0.1
2835.81,7.84938970029424e-08,7.869277639319408e-08,0.1
2836.292,7.828479438945612e-08,7.848831441068327e-08,0.1
2836.775,7.807579722165757e-08,7.82839429076819e-08,0.1
2837.257,7.78677695432208e-08,7.808050686526831e-08,0.1
2837.739,7.76602767274719e-08,7.78775813499345e-08,0.1
2838.221,7.745331741475623e-08,7.767516509259555e-08,0.1
2838.703,7.724689024893908e-08,7.747325682736121e-08,0.1
2839.185,7.704099387737967e-08,7.727185529152507e-08,0.1
2839.667,7.683562695090679e-08,7.707095922557567e-08,0.1
2840.149,7.6630788123813e-08,7.687056737317302e-08,0.1
2840.632,7.642605271652993e-08,7.667026429587128e-08,0.1
2841.114,7.622226715361944e-08,7.647087815382586e-08,0.1
2841.596,7.601900567095226e-08,7.62719924727028e-08,0.1
2842.078,7.581626693661684e-08,7.607360600880869e-08,0.1
2842.56,7.561404962213855e-08,7.587571752155555e-08,0.1
2843.042,7.541235240243772e-08,7.567832577351697e-08,0.1
2843.524,7.521117395586358e-08,7.548142953034131e-08,0.1
2844.006,7.501051296415873e-08,7.528502756083157e-08,0.1
2844.489,7.480995340976142e-08,7.508871269849229e-08,0.1
2844.97,7.461073808918989e-08,7.489370153343149e-08,0.1
2845.453,7.441120901442197e-08,7.46983711258916e-08,0.1
2845.935,7.421260578847192e-08,7.450393501484481e-08,0.1
2846.417,7.401451347401238e-08,7.430998706523538e-08,0.1
2846.899,7.381693077296639e-08,7.411652606435509e-08,0.1
2847.381,7.36198563906166e-08,7.392355080253845e-08,0.1
2847.863,7.34232890355552e-08,7.373106007317542e-08,0.1
2848.345,7.322722741970714e-08,7.353905267269816e-08,0.1
2848.827,7.30316702582822e-08,7.33475274005517e-08,0.1
2849.31,7.28362121156425e-08,7.315608720076693e-08,0.1
2849.792,7.264166106187852e-08,7.296552358981541e-08,0.1
2850.274,7.244761062533584e-08,7.277543852120833e-08,0.1
2850.756,7.225405953438162e-08,7.258583080645385e-08,0.1
2851.238,7.206100652066421e-08,7.239669926005157e-08,0.1
2851.72,7.18684503190672e-08,7.220804269948824e-08,0.1
2852.202,7.167638966774092e-08,7.201985994521506e-08,0.1
2852.684,7.148482330807233e-08,7.18321498206672e-08,0.1
2853.167,7.129335407862614e-08,7.164452317952623e-08,0.1
2853.649,7.11027735583191e-08,7.145775577101984e-08,0.1
2854.131,7.091268357057331e-08,7.1271457477838e-08,0.1
2854.613,7.07230828696464e-08,7.108562713520287e-08,0.1
2855.095,7.053397021299526e-08,7.090026358128657e-08,0.1
2855.577,7.034534436126155e-08,7.071536565716074e-08,0.1
2856.059,7.015720407827619e-08,7.053093220682774e-08,0.1
2856.541,6.996954813102224e-08,7.034696207719753e-08,0.1
2857.023,6.978237528966907e-08,7.016345411806625e-08,0.1
2857.506,6.959529750193076e-08,6.998002789514537e-08,0.1
2857.988,6.940908819138619e-08,6.979744179091922e-08,0.1
2858.47,6.9223358313564e-08,6.961531442156657e-08,0.1
2858.952,6.903810665121284e-08,6.943364464842788e-08,0.1
2859.434,6.88533319901707e-08,6.925243133570321e-08,0.1
2859.916,6.866903311941051e-08,6.907167335043298e-08,0.1
2860.398,6.84852088310007e-08,6.889136956253474e-08,0.1
2860.88,6.830185792010977e-08,6.871151884473342e-08,0.1
2861.363,6.811860025853103e-08,6.853174834500051e-08,0.1
2861.845,6.793619347640838e-08,6.835280133111032e-08,0.1
2862.327,6.77542564733328e-08,6.817430402019115e-08,0.1
2862.809,6.757278805678305e-08,6.799625529627335e-08,0.1
2863.291,6.73917870372855e-08,6.781865404620478e-08,0.1
2863.773,6.72112522284294e-08,6.764149915960447e-08,0.1
2864.255,6.703118244683755e-08,6.746478952890307e-08,0.1
2864.737,6.685157651215838e-08,6.728852404930438e-08,0.1
2865.219,6.667243324707313e-08,6.711270161878486e-08,0.1
2865.702,6.649338124713065e-08,6.693695773681309e-08,0.1
2866.184,6.63151607551472e-08,6.676201902295044e-08,0.1
2866.666,6.613739941644802e-08,6.65875200664064e-08,0.1
2867.148,6.59600960657208e-08,6.641345977619644e-08,0.1
2867.63,6.578324954066206e-08,6.623983706407806e-08,0.1
2868.112,6.560685868192997e-08,6.606665084452339e-08,0.1
2868.594,6.543092233315699e-08,6.589390003473842e-08,0.1
2869.076,6.52554393409386e-08,6.572158355465282e-08,0.1
2869.559,6.508004588967329e-08,6.55493441723058e-08,0.1
2870.041,6.490546709674916e-08,6.537789401773952e-08,0.1
2870.523,6.473133821547533e-08,6.52068749666525e-08,0.1
2871.005,6.455765810420185e-08,6.5036285949776e-08,0.1
2871.487,6.438442562422696e-08,6.486612590053252e-08,0.1
2871.969,6.42116396397497e-08,6.469639375499818e-08,0.1
2872.451,6.4039299017871e-08,6.452708845193565e-08,0.1
2872.933,6.386740262860438e-08,6.435820893275828e-08,0.1
2873.416,6.369559409246e-08,6.418940509105676e-08,0.1
2873.897,6.352493804236493e-08,6.402172302502596e-08,0.1
2874.38,6.33540141767524e-08,6.385376723568162e-08,0.1
2874.862,6.31838843868666e-08,6.368658119280739e-08,0.1
2875.344,6.301419322053229e-08,6.351981567843958e-08,0.1
2875.826,6.284493956499863e-08,6.335346964983856e-08,0.1
2876.308,6.267612231035416e-08,6.318754206685655e-08,0.1
2876.79,6.250774034953646e-08,6.30220318919806e-08,0.1
2877.272,6.233979257831202e-08,6.285693809027773e-08,0.1
2877.754,6.217227789526661e-08,6.269225962942038e-08,0.1
2878.237,6.200484900549715e-08,6.252765511263024e-08,0.1
2878.719,6.183819809866329e-08,6.236380510317496e-08,0.1
2879.201,6.167197699037038e-08,6.220036735094426e-08,0.1
2879.683,6.15061845904374e-08,6.203734083391372e-08,0.1
2880.165,6.134081981147224e-08,6.187472453263652e-08,0.1
2880.647,6.117588156885066e-08,6.171251743020798e-08,0.1
2881.129,6.10113687807312e-08,6.155071851226778e-08,0.1
2881.611,6.084728036802349e-08,6.138932676700277e-08,0.1
2882.094,6.068327613951282e-08,6.122800761166177e-08,0.1
2882.576,6.052003412630221e-08,6.106742802596786e-08,0.1
2883.058,6.035721326555947e-08,6.090725259060344e-08,0.1
2883.54,6.019481248920771e-08,6.074748030386375e-08,0.1
2884.022,6.00328307318817e-08,6.058811016654064e-08,0.1
2884.504,5.987126693095245e-08,6.042914118193828e-08,0.1
2884.986,5.971012002648477e-08,6.0270572355846e-08,0.1
2885.468,5.9549388961283184e-08,6.011240269654724e-08,0.1
2885.95,5.9389072680810586e-08,5.995463121481382e-08,0.1
2886.433,5.9228838814590336e-08,5.979693083339688e-08,0.1
2886.915,5.906934980592993e-08,5.963995356995666e-08,0.1
2887.397,5.891027243243272e-08,5.948337152917295e-08,0.1
2887.879,5.875160565032566e-08,5.93271837316818e-08,0.1
2888.361,5.8593348418488194e-08,5.9171389200568563e-08,0.1
2888.843,5.843549969847338e-08,5.90159869613678e-08,0.1
2889.325,5.827805845447467e-08,5.886097604204906e-08,0.1
2889.807,5.8121023653327536e-08,5.8706355473007147e-08,0.1
2890.29,5.7964069728001764e-08,5.8551804709454757e-08,0.1
2890.772,5.780784556154795e-08,5.839796274672725e-08,0.1
2891.254,5.7652024752155496e-08,5.824450823801608e-08,0.1
2891.736,5.7496606277175156e-08,5.8091440223402784e-08,0.1
2892.218,5.734158911656416e-08,5.793875774535215e-08,0.1
2892.7,5.718697225290284e-08,5.7786459848734566e-08,0.1
2893.182,5.7032754671356686e-08,5.7634545580797777e-08,0.1
2893.664,5.6878935359666745e-08,5.7483013991181617e-08,0.1
2894.146,5.6725513308181623e-08,5.73318641319026e-08,0.1
2894.629,5.6572170440102914e-08,5.7180782653605454e-08,0.1
2895.111,5.6419540709296116e-08,5.7030394207582624e-08,0.1
2895.593,5.626730522305402e-08,5.6880384660175865e-08,0.1
2896.075,5.6115462981980375e-08,5.67307530728506e-08,0.1
2896.557,5.5964012989226606e-08,5.6581498509410044e-08,0.1
2897.039,5.581295425049013e-08,5.6432620035999e-08,0.1
2897.521,5.566228577400101e-08,5.628411672110424e-08,0.1
2898.003,5.551200657052216e-08,5.613598763551885e-08,0.1
2898.486,5.5361805079274525e-08,5.598792569251755e-08,0.1
2898.968,5.521230226669637e-08,5.584054305888422e-08,0.1
2899.45,5.5063185772486515e-08,5.569353187897761e-08,0.1
2899.932,5.4914454617463524e-08,5.554689123286776e-08,0.1
2900.414,5.4766107824935856e-08,5.5400620202909196e-08,0.1
2900.896,5.46181444207073e-08,5.5254717873760476e-08,0.1
2901.378,5.447056343307132e-08,5.5109183332354006e-08,0.1
2901.86,5.43233638927805e-08,5.496401566791236e-08,0.1
2902.343,5.4176240624048876e-08,5.48189139332599e-08,0.1
2902.824,5.403010528963333e-08,5.467477733814877e-08,0.1
2903.307,5.3883741662372375e-08,5.4530406334977856e-08,0.1
2903.789,5.3738059050795246e-08,5.4386697868670426e-08,0.1
2904.271,5.359275307532293e-08,5.42433517575466e-08,0.1
2904.753,5.34478227814416e-08,5.410036710438588e-08,0.1
2905.235,5.330326721707786e-08,5.3957743014213736e-08,0.1
2905.717,5.315908543257205e-08,5.381547859428443e-08,0.1
2906.199,5.30152764807027e-08,5.3673572954075847e-08,0.1
2906.681,5.2871839416644724e-08,5.353202520529273e-08,0.1
2907.164,5.2728476865260494e-08,5.339054190549776e-08,0.1
2907.646,5.258578151865754e-08,5.324970802146547e-08,0.1
2908.128,5.2443455237882266e-08,5.3109229375422836e-08,0.1
2908.61,5.2301497087704845e-08,5.2969105087911584e-08,0.1
2909.092,5.2159906135278006e-08,5.2829334281663624e-08,0.1
2909.574,5.2018681450136746e-08,5.2689916081600134e-08,0.1
2910.056,5.1877822104180995e-08,5.255084961483491e-08,0.1
2910.538,5.1737327171661514e-08,5.2412134010640987e-08,0.1
2911.021,5.1596905377278925e-08,5.2273481698118585e-08,0.1
2911.503,5.1457137255117347e-08,5.2135465939039654e-08,0.1
2911.985,5.1317730781392834e-08,5.199779844160048e-08,0.1
2912.467,5.1178685039766245e-08,5.1860478343736276e-08,0.1
2912.949,5.1039999116225734e-08,5.172350478554973e-08,0.1
2913.431,5.0901672099084256e-08,5.158687690925712e-08,0.1
2913.913,5.076370307897625e-08,5.145059385923703e-08,0.1
2914.395,5.0626091148840734e-08,5.131465478199429e-08,0.1
2914.877,5.0488835403948656e-08,5.117905882616573e-08,0.1
2915.36,5.035165128468538e-08,5.104352488839229e-08,0.1
2915.842,5.0215105939536284e-08,5.0908613337218654e-08,0.1
2916.324,5.007891407731612e-08,5.0774042364303784e-08,0.1
2916.806,4.9943074802458735e-08,5.0639811126743424e-08,0.1
2917.288,4.980758722168197e-08,5.050591878372585e-08,0.1
2917.77,4.9672450443955293e-08,5.037236449653044e-08,0.1
2918.252,4.9537663580534755e-08,5.023914742853595e-08,0.1
2918.734,4.9403225744926287e-08,5.010626674520429e-08,0.1
2919.217,4.926885821979613e-08,4.9973446972401324e-08,0.1
2919.699,4.913511650889916e-08,4.9841237256662665e-08,0.1
2920.181,4.9001721178019774e-08,4.9709361432697726e-08,0.1
2920.663,4.886867134965117e-08,4.957781867425405e-08,0.1
2921.145,4.8735966148523816e-08,4.944660815713848e-08,0.1
2921.627,4.860360470158882e-08,4.9315729059203136e-08,0.1
2922.109,4.847158613801154e-08,4.918518056035549e-08,0.1
2922.591,4.833990958918173e-08,4.9054961842540293e-08,0.1
2923.073,4.820857418869151e-08,4.892507208973936e-08,0.1
2923.556,4.8077307651357043e-08,4.8795242028516435e-08,0.1
2924.038,4.794665266042141e-08,4.8666008444103096e-08,0.1
2924.52,4.7816336230005025e-08,4.8537101387138945e-08,0.1
2925.002,4.768635750248344e-08,4.840852004971142e-08,0.1
2925.484,4.755671562240158e-08,4.8280263625910563e-08,0.1
2925.966,4.74274097364857e-08,4.8152331311830894e-08,0.1
2926.448,4.729843899362171e-08,4.80247223055754e-08,0.1
2926.93,4.7169802544866e-08,4.789743580723508e-08,0.1
2927.413,4.704123370066245e-08,4.777020794033498e-08,0.1
2927.895,4.6913263991074936e-08,4.764356473103373e-08,0.1
2928.377,4.678562603992978e-08,4.751724164020699e-08,0.1
2928.859,4.6658319006870674e-08,4.7391237875879346e-08,0.1
2929.341,4.653134205369066e-08,4.726555264804943e-08,0.1
2929.823,4.64046943442937e-08,4.7140185168684216e-08,0.1
2930.305,4.627837504472663e-08,4.701513465170893e-08,0.1
2930.787,4.615238332313499e-08,4.689040031299008e-08,0.1
2931.27,4.602645797315831e-08,4.676572356709414e-08,0.1
2931.751,4.5901379297070085e-08,4.6641877043610794e-08,0.1
2932.234,4.5776106311745003e-08,4.6517830053383046e-08,0.1
2932.716,4.565141729768456e-08,4.6394353274129774e-08,0.1
2933.198,4.5527051732248304e-08,4.6271188780074144e-08,0.1
2933.68,4.5403008796184126e-08,4.6148335798726746e-08,0.1
2934.162,4.5279287672322185e-08,4.6025793559515926e-08,0.1
2934.644,4.5155887545568486e-08,4.590356129378519e-08,0.1
2935.126,4.5032807602884175e-08,4.5781638234784017e-08,0.1
2935.608,4.4910047033315164e-08,4.5660023617677995e-08,0.1
2936.091,4.4787351329484625e-08,4.553846532467664e-08,0.1
2936.573,4.4665227739881466e-08,4.5417465940398525e-08,0.1
2937.055,4.454342110115493e-08,4.529677271329883e-08,0.1
2937.537,4.442193061054563e-08,4.5176384886123707e-08,0.1
2938.019,4.430075546732516e-08,4.505630170348213e-08,0.1
2938.501,4.4179894872808526e-08,4.4936522411876296e-08,0.1
2938.983,4.4059348030325324e-08,4.481704625967132e-08,0.1
2939.465,4.3939114145224014e-08,4.4697872497101574e-08,0.1
2939.948,4.3818943948582287e-08,4.4578754066639397e-08,0.1
2940.43,4.369933424755961e-08,4.446018346497823e-08,0.1
2940.912,4.3580035130427535e-08,4.4341913013268026e-08,0.1
2941.394,4.34610458105757e-08,4.4223941969170814e-08,0.1
2941.876,4.33423655033868e-08,4.4106269592182254e-08,0.1
2942.358,4.322399342623139e-08,4.3988895143649344e-08,0.1
2942.84,4.3105928798475036e-08,4.387181788674669e-08,0.1
2943.322,4.29881708414468e-08,4.375503708647799e-08,0.1
2943.804,4.287071877846685e-08,4.3638552009675373e-08,0.1
2944.287,4.275332910799208e-08,4.35221211728572e-08,0.1
2944.769,4.2636487141535154e-08,4.3406225960497074e-08,0.1
2945.251,4.2519948749248575e-08,4.329062428147598e-08,0.1
2945.733,4.2403713162303297e-08,4.3175315409891365e-08,0.1
2946.215,4.2287779613808474e-08,4.3060298621629095e-08,0.1
2946.697,4.2172147338815746e-08,4.2945573194370615e-08,0.1
2947.179,4.2056815574318416e-08,4.28311384075929e-08,0.1
2947.661,4.1941783559243656e-08,4.27169935425646e-08,0.1
2948.144,4.1826812809399764e-08,4.260290196739677e-08,0.1
2948.626,4.171237863561346e-08,4.248933539456735e-08,0.1
2949.108,4.1598241938017356e-08,4.237605659648336e-08,0.1
2949.59,4.1484401963217454e-08,4.2263064861519666e-08,0.1
2950.072,4.1370857959748863e-08,4.21503594798109e-08,0.1
2950.554,4.1257609178032114e-08,4.203793974326829e-08,0.1
2951.036,4.1144654870395225e-08,4.1925804945540594e-08,0.1
2951.518,4.1031994291054375e-08,4.1813954382042735e-08,0.1
2952.0,4.0919626696122585e-08,4.1702387349930234e-08,0.1
2952.483,4.080731912538984e-08,4.1590872561523145e-08,0.1
2952.965,4.0695535879143936e-08,4.1479871075214686e-08,0.1
2953.447,4.058404339538564e-08,4.136915102075663e-08,0.1
2953.929,4.0472840937738857e-08,4.1258711702248536e-08,0.1
2954.411,4.0361927771688123e-08,4.114855242552481e-08,0.1
2954.893,4.025130316457935e-08,4.103867249813148e-08,0.1
2955.375,4.014096638561072e-08,4.092907122934438e-08,0.1
2955.857,4.0030916705828865e-08,4.0819747930134595e-08,0.1
2956.34,3.9920925970610544e-08,4.071047596440509e-08,0.1
2956.822,3.9811448901615647e-08,4.060170711726716e-08,0.1
2957.304,3.9702256754516186e-08,4.0493214181463024e-08,0.1
2957.786,3.9593348807719343e-08,4.03849964747841e-08,0.1
2958.268,3.9484724341457567e-08,4.027705331670948e-08,0.1
2958.75,3.9376382637786855e-08,4.0169384028401416e-08,0.1
2959.232,3.9268322980584534e-08,4.006198793271e-08,0.1
2959.714,3.9160544655526986e-08,3.995486435416e-08,0.1
2960.197,3.9052824217037564e-08,3.9847791216969286e-08,0.1
2960.678,3.894582915363241e-08,3.9741432054953046e-08,0.1
2961.161,3.8838668982617016e-08,3.9634901712117297e-08,0.1
2961.643,3.873200945613905e-08,3.9528862039917326e-08,0.1
2962.125,3.8625627715796403e-08,3.942309153112011e-08,0.1
2962.607,3.851952305805418e-08,3.9317589520233104e-08,0.1
2963.089,3.8413694781150014e-08,3.921235534341024e-08,0.1
2963.571,3.8308142185110944e-08,3.91073883384461e-08,0.1
2964.053,3.820286457172341e-08,3.900268784478284e-08,0.1
2964.535,3.809786124454559e-08,3.8898253203494054e-08,0.1
2965.018,3.799291451120127e-08,3.8793867913316555e-08,0.1
2965.5,3.7888458239610283e-08,3.8689963554669364e-08,0.1
2965.982,3.778427417401574e-08,3.8586323080036255e-08,0.1
2966.464,3.7680361625004194e-08,3.8482945836989466e-08,0.1
2966.946,3.757671990488503e-08,3.8379831174724645e-08,0.1
2967.428,3.7473348327723426e-08,3.827697844404512e-08,0.1
2967.91,3.737024620931646e-08,3.8174386997362216e-08,0.1
2968.392,3.7267412867192905e-08,3.8072056188686234e-08,0.1
2968.875,3.7164635107843045e-08,3.796977387827395e-08,0.1
2969.357,3.706233783185151e-08,3.7867962951456195e-08,0.1
2969.839,3.6960307293646e-08,3.7766410732933315e-08,0.1
2970.321,3.685854281763564e-08,3.7665116583094e-08,0.1
2970.803,3.6757043729922576e-08,3.7564079863910046e-08,0.1
2971.285,3.665580935833181e-08,3.746329993892519e-08,0.1
2971.767,3.6554839032375866e-08,3.7362776173266906e-08,0.1
2972.249,3.6454132083256734e-08,3.7262507933630776e-08,0.1
2972.731,3.635368784387809e-08,3.7162494588265974e-08,0.1
2973.214,3.625329807388043e-08,3.7062528801825794e-08,0.1
2973.696,3.615337780101546e-08,3.696302388161087e-08,0.1
2974.178,3.6053718245306316e-08,3.6863771968511714e-08,0.1
2974.66,3.5954318746382895e-08,3.6764772437017575e-08,0.1
2975.142,3.5855178645526856e-08,3.666602466317048e-08,0.1
2975.624,3.5756297285695675e-08,3.6567528024548956e-08,0.1
2976.106,3.5657674011494154e-08,3.646928190026552e-08,0.1
2976.588,3.5559308169194335e-08,3.637128567098441e-08,0.1
2977.071,3.5460995827411334e-08,3.6273336183072756e-08,0.1
2977.553,3.5363143425031875e-08,3.6175838407118525e-08,0.1
2978.035,3.526554650190609e-08,3.607858867602053e-08,0.1
2978.517,3.5168204410881356e-08,3.5981586376539654e-08,0.1
2978.999,3.507111650644301e-08,3.5884830896948624e-08,0.1
2979.481,3.497428214471302e-08,3.5788321627030905e-08,0.1
2979.963,3.4877700683423266e-08,3.5692057958086975e-08,0.1
2980.445,3.478137148194302e-08,3.55960392829099e-08,0.1
2980.927,3.4685293901256694e-08,3.5500264995805945e-08,0.1
2981.41,3.4589268754041884e-08,3.5404536549495376e-08,0.1
2981.892,3.4493693023060613e-08,3.530924973131125e-08,0.1
2982.374,3.439836700416379e-08,3.521420549181038e-08,0.1
2982.856,3.4303290064763794e-08,3.5119403231265595e-08,0.1
2983.338,3.4208461573873864e-08,3.5024842351427856e-08,0.1
2983.82,3.4113880902094746e-08,3.4930522255518364e-08,0.1
2984.302,3.401954742161898e-08,3.4836442348240944e-08,0.1
2984.784,3.392546050622582e-08,3.4742602035764564e-08,0.1
2985.267,3.3831425095671194e-08,3.46488067801721e-08,0.1
2985.749,3.3737829946397525e-08,3.455544437569623e-08,0.1
2986.231,3.364447949171141e-08,3.446231979210245e-08,0.1
2986.713,3.3551373111699105e-08,3.436943244140404e-08,0.1
2987.195,3.34585101879927e-08,3.4276781737080146e-08,0.1
2987.677,3.3365890103801334e-08,3.418436709404766e-08,0.1
2988.159,3.3273512243880725e-08,3.409218792866561e-08,0.1
2988.641,3.318137599454419e-08,3.400024365874798e-08,0.1
2989.124,3.308929033969394e-08,3.390834367708233e-08,0.1
2989.605,3.299782588060173e-08,3.3817057483696265e-08,0.1
2990.088,3.290622138732291e-08,3.372562536235118e-08,0.1
2990.57,3.2815045969915085e-08,3.3634615362956645e-08,0.1
2991.052,3.2724109116536163e-08,3.354383736834333e-08,0.1
2991.534,3.2633410222732134e-08,3.3453290804894185e-08,0.1
2992.016,3.2542948685573915e-08,3.3362975100400874e-08,0.1
2992.498,3.2452723903647995e-08,3.327288968406984e-08,0.1
2992.98,3.2362735277066504e-08,3.3183033986515094e-08,0.1
2993.462,3.227298220744664e-08,3.3093407439758275e-08,0.1
2993.945,3.2183278619523875e-08,3.3003824241493096e-08,0.1
2994.427,3.2093995360337e-08,3.2914654770478794e-08,0.1
2994.909,3.2004945870777736e-08,3.2825712753546596e-08,0.1
2995.391,3.1916129558484375e-08,3.27369976283112e-08,0.1
2995.873,3.182754583258839e-08,3.264850883375878e-08,0.1
2996.355,3.173919410370436e-08,3.2560245810280575e-08,0.1
2996.837,3.1651073783939796e-08,3.2472207999625666e-08,0.1
2997.319,3.156318428688503e-08,3.2384394844939843e-08,0.1
2997.802,3.1475343400846394e-08,3.2296624303264093e-08,0.1
2998.284,3.13879142717314e-08,3.220925925862163e-08,0.1
2998.766,3.130071421373384e-08,3.212211720643715e-08,0.1
2999.248,3.121374264633282e-08,3.20351975953235e-08,0.1
2999.73,3.112699899047767e-08,3.194849987525396e-08,0.1
3000.212,3.104048266856346e-08,3.186202349755326e-08,0.1
3000.694,3.0954193104457776e-08,3.177576791491199e-08,0.1
3001.176,3.0868129723464386e-08,3.1689732581357e-08,0.1
3001.658,3.078229195234591e-08,3.1603916952264485e-08,0.1
3002.141,3.0696501833057694e-08,3.151814312576708e-08,0.1
3002.623,3.061111403285158e-08,3.143276573011134e-08,0.1
3003.105,3.052595013026707e-08,3.134760641197186e-08,0.1
3003.587,3.0441009557826584e-08,3.1262664632085385e-08,0.1
3004.069,3.0356291749476345e-08,3.1177939852510484e-08,0.1
3004.551,3.0271796140588625e-08,3.1093431536633715e-08,0.1
3005.033,3.0187522167966745e-08,3.1009139149162235e-08,0.1
3005.515,3.01034692698149e-08,3.09250621561262e-08,0.1
3005.998,3.0019463188498584e-08,3.084102626002306e-08,0.1
3006.48,2.9935851215359735e-08,3.0757378903314154e-08,0.1
3006.962,2.9852458638659754e-08,3.067394534591287e-08,0.1
3007.444,2.9769284902260688e-08,3.059072505908412e-08,0.1
3007.926,2.9686329451415106e-08,3.0507717515409275e-08,0.1
3008.408,2.9603591732778427e-08,3.0424922188766604e-08,0.1
3008.89,2.9521071194401396e-08,3.034233855432922e-08,0.1
3009.372,2.9438767285719028e-08,3.025996608856234e-08,0.1
3009.854,2.935667945755554e-08,3.017780426921539e-08,0.1
3010.337,2.927463752624833e-08,3.00956827691392e-08,0.1
3010.819,2.9192980662588676e-08,3.0013941115380986e-08,0.1
3011.301,2.911153823906955e-08,2.9932408547945273e-08,0.1
3011.783,2.9030309712038843e-08,2.985108454971427e-08,0.1
3012.265,2.8949294539194083e-08,2.9769968604847283e-08,0.1
3012.747,2.8868492179611343e-08,2.9689060198774944e-08,0.1
3013.229,2.8787902093718374e-08,2.960835881819398e-08,0.1
3013.711,2.8707523743309936e-08,2.952786395105525e-08,0.1
3014.194,2.8627190488807828e-08,2.9447408725967362e-08,0.1
3014.676,2.8547234436660343e-08,2.9367325780449853e-08,0.1
3015.158,2.8467488512381363e-08,2.9287447818759917e-08,0.1
3015.64,2.8387952183155212e-08,2.9207774333881422e-08,0.1
3016.122,2.83086249175218e-08,2.912830482004553e-08,0.1
3016.604,2.8229506185347644e-08,2.9049038772735505e-08,0.1
3017.086,2.8150595457841e-08,2.8969975688673063e-08,0.1
3017.568,2.8071892207533693e-08,2.8891115065816333e-08,0.1
3018.051,2.7993233267658672e-08,2.8812293420704494e-08,0.1
3018.532,2.7915106035298943e-08,2.8733999201735283e-08,0.1
3019.015,2.783686027879711e-08,2.8655580813810492e-08,0.1
3019.497,2.775898211470204e-08,2.8577525455435197e-08,0.1
3019.979,2.7681308809244333e-08,2.8499670065511372e-08,0.1
3020.461,2.7603839842880804e-08,2.8422014149369296e-08,0.1
3020.943,2.7526574697369404e-08,2.8344557213559106e-08,0.1
3021.425,2.7449512855762056e-08,2.826729876584231e-08,0.1
3021.907,2.7372653802428214e-08,2.8190238315187024e-08,0.1
3022.389,2.7295997023031032e-08,2.8113375371777933e-08,0.1
3022.872,2.7219383593519096e-08,2.8036550593526694e-08,0.1
3023.354,2.7143130241129662e-08,2.7960081607204988e-08,0.1
3023.836,2.7067077626341942e-08,2.7883808664880906e-08,0.1
3024.318,2.6991225239974197e-08,2.780773128154201e-08,0.1
3024.8,2.6915572574119044e-08,2.7731848973364087e-08,0.1
3025.282,2.684011912215368e-08,2.7656161257716906e-08,0.1
3025.764,2.6764864378728546e-08,2.7580667653155315e-08,0.1
3026.246,2.6689807839760376e-08,2.7505367679418423e-08,0.1
3026.729,2.6614793898807205e-08,2.7430105234593132e-08,0.1
3027.211,2.6540132670187715e-08,2.7355191485687164e-08,0.1
3027.693,2.6465668140344297e-08,2.72804699329117e-08,0.1
3028.175,2.6391399810242385e-08,2.720594010071465e-08,0.1
3028.657,2.6317327182112793e-08,2.713160151471374e-08,0.1
3029.139,2.6243449759436763e-08,2.7057453701690462e-08,0.1
3029.621,2.61697670469376e-08,2.69834961895932e-08,0.1
3030.103,2.6096278550589412e-08,2.69097285075326e-08,0.1
3030.585,2.602298377760393e-08,2.6836150185770165e-08,0.1
3031.068,2.59497307740115e-08,2.6762608691527333e-08,0.1
3031.55,2.5876822373718533e-08,2.6689408076212407e-08,0.1
3032.032,2.5804106224838432e-08,2.6616395417945493e-08,0.1
3032.514,2.5731581839522853e-08,2.6543570251592513e-08,0.1
3032.996,2.5659248731147592e-08,2.6470932113168205e-08,0.1
3033.478,2.558710641431924e-08,2.6398480539824414e-08,0.1
3033.96,2.5515154404854283e-08,2.6326215069851306e-08,0.1
3034.442,2.5443392219793543e-08,2.6254135242673713e-08,0.1
3034.925,2.537167108250136e-08,2.6182091632015462e-08,0.1
3035.407,2.5300287493542223e-08,2.611038209600212e-08,0.1
3035.889,2.5229092286376506e-08,2.6038856826884872e-08,0.1
3036.371,2.5158084982879343e-08,2.596751536861152e-08,0.1
3036.853,2.5087265106131852e-08,2.5896357266232372e-08,0.1
3037.335,2.5016632180406556e-08,2.5825382065930325e-08,0.1
3037.817,2.4946185731172042e-08,2.5754589314984596e-08,0.1
3038.299,2.487592528509768e-08,2.5683978561808585e-08,0.1
3038.781,2.4805850370029293e-08,2.5613549355909343e-08,0.1
3039.264,2.4735815707355412e-08,2.554315569288039e-08,0.1
3039.746,2.4666110825083444e-08,2.5473088608819503e-08,0.1
3040.228,2.4596590063512205e-08,2.540320172626845e-08,0.1
3040.71,2.4527252955223813e-08,2.5333494599157233e-08,0.1
3041.192,2.4458099033967227e-08,2.526396678250133e-08,0.1
3041.674,2.4389127834671155e-08,2.5194617832415854e-08,0.1
3042.156,2.4320338893429207e-08,2.5125447306098753e-08,0.1
3042.638,2.4251731747502683e-08,2.5056454761840943e-08,0.1
3043.121,2.418316416121677e-08,2.498749717354993e-08,0.1
3043.603,2.411491959711768e-08,2.4918859639587896e-08,0.1
3044.085,2.4046855446116315e-08,2.4850398768143523e-08,0.1
3044.567,2.397897125010257e-08,2.47821141218278e-08,0.1
3045.049,2.3911266552127316e-08,2.4714005264327177e-08,0.1
3045.531,2.384374089637087e-08,2.46460717604024e-08,0.1
3046.013,2.377639382817477e-08,2.457831317588049e-08,0.1
3046.495,2.370922489401021e-08,2.4510729077653423e-08,0.1
3046.978,2.364209483987673e-08,2.4443179359442633e-08,0.1
3047.459,2.3575419619371424e-08,2.4376082612965152e-08,0.1
3047.942,2.350864430943869e-08,2.4308880430007894e-08,0.1
3048.424,2.3442183764255628e-08,2.424199032509705e-08,0.1
3048.906,2.337589910157811e-08,2.4175272555953798e-08,0.1
3049.388,2.330978987466648e-08,2.4108726695812023e-08,0.1
3049.87,2.3243855637915984e-08,2.4042352318950912e-08,0.1
3050.352,2.3178095946828898e-08,2.3976149000694746e-08,0.1
3050.834,2.3112510358029143e-08,2.391011631741771e-08,0.1
3051.316,2.304709842924681e-08,2.3844253846522245e-08,0.1
3051.799,2.2981724549066048e-08,2.3778425050792896e-08,0.1
3052.281,2.2916658975973457e-08,2.3712902091985744e-08,0.1
3052.763,2.285176574184376e-08,2.3647548083124676e-08,0.1
3053.245,2.2787044408838923e-08,2.3582362605753417e-08,0.1
3053.727,2.272249454021507e-08,2.351734524243993e-08,0.1
3054.209,2.2658115700328545e-08,2.3452495576776e-08,0.1
3054.691,2.2593907454624186e-08,2.3387813193372408e-08,0.1
3055.173,2.2529869369645306e-08,2.3323297677868283e-08,0.1
3055.656,2.246586868218264e-08,2.3258815285373563e-08,0.1
3056.138,2.240216997339944e-08,2.3194632610676264e-08,0.1
3056.62,2.2338640130577593e-08,2.3130615566009005e-08,0.1
3057.102,2.2275278724589185e-08,2.3066763741055336e-08,0.1
3057.584,2.2212085327384462e-08,2.30030767265064e-08,0.1
3058.066,2.2149059511989698e-08,2.293955411405678e-08,0.1
3058.548,2.208620085250157e-08,2.287619549640361e-08,0.1
3059.03,2.2023508924081464e-08,2.281300046724324e-08,0.1
3059.512,2.1960983302960112e-08,2.274996862126268e-08,0.1
3059.995,2.1898494361526285e-08,2.2686969289326943e-08,0.1
3060.477,2.1836300430789132e-08,2.2624262934218722e-08,0.1
3060.959,2.1774271541534614e-08,2.2561718551482585e-08,0.1
3061.441,2.1712407274230973e-08,2.2499335739777453e-08,0.1
3061.923,2.1650707210398063e-08,2.2437114098737222e-08,0.1
3062.405,2.158917093260894e-08,2.2375053228983182e-08,0.1
3062.887,2.1527798024473797e-08,2.2313152732108028e-08,0.1
3063.369,2.1466588070655105e-08,2.2251412210692667e-08,0.1
3063.852,2.140541417114525e-08,2.2189703672598334e-08,0.1
3064.334,2.13445292200409e-08,2.212828224355913e-08,0.1
3064.816,2.128380598262201e-08,2.206701960272027e-08,0.1
3065.298,2.122324404769885e-08,2.2005915356538258e-08,0.1
3065.78,2.1162843005114453e-08,2.194496911243452e-08,0.1
3066.262,2.1102602445745407e-08,2.1884180478797623e-08,0.1
3066.744,2.1042521961485973e-08,2.1823549064968733e-08,0.1
3067.226,2.098260114526055e-08,2.1763074481253913e-08,0.1
3067.708,2.0922839591011283e-08,2.1702756338908223e-08,0.1
3068.191,2.0863113401495433e-08,2.1642469594479913e-08,0.1
3068.673,2.080366948541176e-08,2.15824634950104e-08,0.1
3069.155,2.0744383618392864e-08,2.15226126755855e-08,0.1
3069.637,2.0685255398436683e-08,2.1462916751264872e-08,0.1
3070.119,2.0626284424554033e-08,2.140337533804241e-08,0.1
3070.601,2.056747029675996e-08,2.134398805286109e-08,0.1
3071.083,2.0508812616064342e-08,2.128475451359197e-08,0.1
3071.565,2.0450310984491013e-08,2.1225674339052763e-08,0.1
3072.048,2.0391844116823543e-08,2.1166625052173517e-08,0.1
3072.53,2.0333653715222915e-08,2.1107850783480533e-08,0.1
3073.012,2.0275618173944985e-08,2.104922874076663e-08,0.1
3073.494,2.0217737098984583e-08,2.0990758546566444e-08,0.1
3073.976,2.0160010097325277e-08,2.0932439824341632e-08,0.1
3074.458,2.010243677692766e-08,2.087427219847552e-08,0.1
3074.94,2.004501674674548e-08,2.0816255294271357e-08,0.1
3075.422,1.998774961670041e-08,2.0758388737946824e-08,0.1
3075.905,1.9930516660908455e-08,2.070055256833722e-08,0.1
3076.386,1.987367250163121e-08,2.064310517840435e-08,0.1
3076.869,1.981674403415597e-08,2.0585568463106636e-08,0.1
3077.351,1.9760084937071183e-08,2.0528299887248546e-08,0.1
3077.833,1.9703576803583177e-08,2.0471179803291623e-08,0.1
3078.315,1.9647219249448233e-08,2.0414207842921065e-08,0.1
3078.797,1.959101189138892e-08,2.0357383638716223e-08,0.1
3079.279,1.9534954347086773e-08,2.0300706824161532e-08,0.1
3079.761,1.9479046235177173e-08,2.0244177033634586e-08,0.1
3080.243,1.9423287175255392e-08,2.0187793902410345e-08,0.1
3080.726,1.9367561567905287e-08,2.0131440544541204e-08,0.1
3081.208,1.93120997818256e-08,2.007534994369923e-08,0.1
3081.69,1.9256785911444382e-08,2.0019404912579254e-08,0.1
3082.172,1.9201619580150253e-08,1.9963605090015352e-08,0.1
3082.654,1.9146600412287342e-08,1.9907950115726216e-08,0.1
3083.136,1.909172803313202e-08,1.9852439630311093e-08,0.1
3083.618,1.9037002068897982e-08,1.979707327524839e-08,0.1
3084.1,1.8982422146738912e-08,1.9741850692899345e-08,0.1
3084.583,1.892787511177844e-08,1.9686657403196325e-08,0.1
3085.065,1.8873586460028988e-08,1.9631721593274797e-08,0.1
3085.547,1.881944273664162e-08,1.9576928487641782e-08,0.1
3086.029,1.876544357249256e-08,1.9522277732144664e-08,0.1
3086.511,1.871158859938149e-08,1.9467768973497992e-08,0.1
3086.993,1.8657877450032216e-08,1.9413401859279623e-08,0.1
3087.475,1.8604309758087998e-08,1.9359176037929564e-08,0.1
3087.957,1.8550885158103747e-08,1.93050911587453e-08,0.1
3088.439,1.8497603285558984e-08,1.925114687189109e-08,0.1
3088.922,1.8444353676632225e-08,1.919723134727081e-08,0.1
3089.404,1.8391356463270685e-08,1.914356748884325e-08,0.1
3089.886,1.8338500888490746e-08,1.9090043177627552e-08,0.1
3090.368,1.828578659140537e-08,1.9036658067192623e-08,0.1
3090.85,1.8233213212035028e-08,1.8983411811957247e-08,0.1
3091.332,1.8180780391298148e-08,1.89303040671868e-08,0.1
3091.814,1.8128487771010428e-08,1.8877334488988128e-08,0.1
3092.296,1.8076334993890656e-08,1.8824502734306423e-08,0.1
3092.779,1.802421393690545e-08,1.877169927939086e-08,0.1
3093.261,1.7972340066122988e-08,1.8719142430118592e-08,0.1
3093.743,1.7920604971276026e-08,1.866672237953417e-08,0.1
3094.225,1.7869008298645393e-08,1.8614438787929745e-08,0.1
3094.707,1.7817549695398068e-08,1.8562291316429325e-08,0.1
3095.189,1.7766228809584183e-08,1.8510279626989062e-08,0.1
3095.671,1.7715045290133336e-08,1.8458403382386885e-08,0.1
3096.153,1.7663998786856254e-08,1.8406662246230376e-08,0.1
3096.635,1.761308895044114e-08,1.835505588294712e-08,0.1
3097.118,1.7562210234659383e-08,1.8303477309072226e-08,0.1
3097.6,1.7511572969255723e-08,1.825213976597372e-08,0.1
3098.082,1.7461071327293226e-08,1.8200935993254132e-08,0.1
3098.564,1.7410704962941476e-08,1.8149865658613463e-08,0.1
3099.046,1.736047353123812e-08,1.809892843056507e-08,0.1
3099.528,1.7310376688088053e-08,1.804812397842983e-08,0.1
3100.01,1.7260414090250557e-08,1.7997451972340908e-08,0.1
3100.492,1.7210585395349493e-08,1.7946912083232177e-08,0.1
3100.975,1.716078729852553e-08,1.7896399538493012e-08,0.1
3101.457,1.7111225661823276e-08,1.7846123171776554e-08,0.1
3101.939,1.7061796905350592e-08,1.779597793899778e-08,0.1
3102.421,1.7012500690144877e-08,1.7745963514296595e-08,0.1
3102.903,1.696333667809143e-08,1.7696079572617407e-08,0.1
3103.385,1.691430453192331e-08,1.764632578969612e-08,0.1
3103.867,1.6865403915217642e-08,1.7596701842061062e-08,0.1
3104.349,1.6816634492390655e-08,1.7547207407028562e-08,0.1
3104.832,1.676789515461436e-08,1.7497739879260544e-08,0.1
3105.313,1.6719487890242677e-08,1.7448605787997063e-08,0.1
3105.796,1.667100981007422e-08,1.7399396212521043e-08,0.1
3106.278,1.6622762092781477e-08,1.7350416882546382e-08,0.1
3106.76,1.6574643903321737e-08,1.7301565462904973e-08,0.1
3107.242,1.6526654911124908e-08,1.7252841635614223e-08,0.1
3107.724,1.64787947864436e-08,1.720424508347979e-08,0.1
3108.206,1.6431063200355215e-08,1.7155775490074032e-08,0.1
3108.688,1.6383459824758773e-08,1.710743253974785e-08,0.1
3109.17,1.6335984332382617e-08,1.7059215917620312e-08,0.1
3109.653,1.6288538296897435e-08,1.7011025667308382e-08,0.1
3110.135,1.624131785601868e-08,1.6963061020478323e-08,0.1
3110.617,1.6194224320753356e-08,1.6915221761167898e-08,0.1
3111.099,1.614725736708532e-08,1.6867507577563925e-08,0.1
3111.581,1.6100416671815406e-08,1.6819918158619722e-08,0.1
3112.063,1.6053701912546542e-08,1.677245319403951e-08,0.1
3112.545,1.6007112767690152e-08,1.6725112374294637e-08,0.1
3113.027,1.596064891646396e-08,1.667789539060909e-08,0.1
3113.51,1.5914214029822536e-08,1.6630704358884968e-08,0.1
3113.992,1.586800006499977e-08,1.6583734379325894e-08,0.1
3114.474,1.5821910435601105e-08,1.6536887313379428e-08,0.1
3114.956,1.5775944824039514e-08,1.6490162855273796e-08,0.1
3115.438,1.5730102913526988e-08,1.6443560699990807e-08,0.1
3115.92,1.5684384388067834e-08,1.6397080543253998e-08,0.1
3116.402,1.5638788932449825e-08,1.6350722081525074e-08,0.1
3116.884,1.5593316232254076e-08,1.6304485012015173e-08,0.1
3117.366,1.554796597384935e-08,1.6258369032672404e-08,0.1
3117.849,1.5502644136829718e-08,1.6212278541821432e-08,0.1
3118.331,1.545753807664766e-08,1.616640408926452e-08,0.1
3118.813,1.5412553521412105e-08,1.6120649824511846e-08,0.1
3119.295,1.536769016061219e-08,1.607501544845104e-08,0.1
3119.777,1.5322947684519728e-08,1.6029500662704487e-08,0.1
3120.259,1.5278325784183715e-08,1.5984105169615052e-08,0.1
3120.741,1.5233824151416013e-08,1.5938828672261982e-08,0.1
3121.223,1.5189442478808812e-08,1.5893670874442742e-08,0.1
3121.706,1.5145088753969e-08,1.584853816083259e-08,0.1
3122.188,1.5100946329808997e-08,1.5803617121102925e-08,0.1
3122.67,1.5056922947545197e-08,1.5758813896031258e-08,0.1
3123.152,1.5013018302830884e-08,1.5714128192301406e-08,0.1
3123.634,1.4969232092081902e-08,1.5669559717306863e-08,0.1
3124.116,1.4925564012467492e-08,1.5625108179163553e-08,0.1
3124.598,1.4882013761918338e-08,1.5580773286701084e-08,0.1
3125.08,1.4838581039124521e-08,1.5536554749453384e-08,0.1
3125.562,1.4795265543519969e-08,1.5492452277669972e-08,0.1
3126.045,1.4751977473050932e-08,1.5448374443747026e-08,0.1
3126.527,1.4708895774807352e-08,1.5404503475757183e-08,0.1
3127.009,1.4665930405954752e-08,1.5360747707611264e-08,0.1
3127.491,1.4623081068927518e-08,1.5317106852374597e-08,0.1
3127.973,1.4580347466905522e-08,1.527358062381567e-08,0.1
3128.455,1.4537729303808544e-08,1.5230168736397982e-08,0.1
3128.937,1.4495226284299041e-08,1.5186870905287943e-08,0.1
3129.419,1.445283811377494e-08,1.5143686846340685e-08,0.1
3129.902,1.441047691265279e-08,1.510052703585434e-08,0.1
3130.384,1.4368317795997968e-08,1.5057569906157637e-08,0.1
3130.866,1.432627264833202e-08,1.5014725699766384e-08,0.1
3131.348,1.4284341177991272e-08,1.4971994135309352e-08,0.1
3131.83,1.4242523094042792e-08,1.49293749320916e-08,0.1
3132.312,1.4200818106277046e-08,1.4886867810109804e-08,0.1
3132.794,1.4159225925208841e-08,1.4844472490046852e-08,0.1
3133.276,1.4117746262082836e-08,1.4802188693257305e-08,0.1
3133.759,1.4076293120772488e-08,1.4759928762310222e-08,0.1
3134.24,1.4035123338224929e-08,1.4717954558345117e-08,0.1
3134.723,1.3993894258792106e-08,1.4675916746159295e-08,0.1
3135.205,1.3952862025008548e-08,1.463407649843997e-08,0.1
3135.687,1.3911940875573706e-08,1.4592346390391853e-08,0.1
3136.169,1.3871130526030276e-08,1.4550726147432248e-08,0.1
3136.651,1.3830430692634925e-08,1.4509215495646357e-08,0.1
3137.133,1.3789841092354441e-08,1.4467814161791096e-08,0.1
3137.615,1.3749361442864032e-08,1.4426521873284035e-08,0.1
3138.097,1.3708991462541549e-08,1.4385338358214432e-08,0.1
3138.58,1.3668647455784521e-08,1.4344178240063573e-08,0.1
3139.062,1.3628496197824597e-08,1.4303211683046676e-08,0.1
3139.544,1.3588453767807416e-08,1.4262353087138652e-08,0.1
3140.026,1.3548519886918546e-08,1.4221602183073462e-08,0.1
3140.508,1.3508694277039556e-08,1.4180958702239542e-08,0.1
3140.99,1.3468976660748605e-08,1.4140422376680305e-08,0.1
3141.472,1.3429366761317051e-08,1.4099992939093882e-08,0.1
3141.954,1.3389864302704388e-08,1.4059670122827942e-08,0.1
3142.437,1.3350387387798621e-08,1.4019370335614525e-08,0.1
3142.919,1.3311099206953486e-08,1.3979260184469718e-08,0.1
3143.401,1.3271917642379065e-08,1.3939255858043171e-08,0.1
3143.883,1.3232842420788822e-08,1.3899357092279092e-08,0.1
3144.365,1.3193873269579642e-08,1.3859563623762149e-08,0.1
3144.847,1.3155009916823237e-08,1.3819875189724105e-08,0.1
3145.329,1.311625209128261e-08,1.3780291528036505e-08,0.1
3145.811,1.3077599522388298e-08,1.3740812377208612e-08,0.1
3146.293,1.3039051940249464e-08,1.3701437476386242e-08,0.1
3146.776,1.3000529427340173e-08,1.3662085198353771e-08,0.1
3147.258,1.2962191228161204e-08,1.3622918232472308e-08,0.1
3147.74,1.2923957209554277e-08,1.3583854737315032e-08,0.1
3148.222,1.2885827104317641e-08,1.3544894454568762e-08,0.1
3148.704,1.284780064591824e-08,1.3506037126545674e-08,0.1
3149.186,1.2809877568487773e-08,1.3467282496191468e-08,0.1
3149.668,1.27720576068228e-08,1.3428630307073506e-08,0.1
3150.15,1.2734340496385012e-08,1.3390080303388941e-08,0.1
3150.633,1.26966480413206e-08,1.3351552567948391e-08,0.1
3151.115,1.2659136054371637e-08,1.3313206380889345e-08,0.1
3151.597,1.262172612844201e-08,1.3274961615059969e-08,0.1
3152.079,1.2584418001628722e-08,1.32368180171414e-08,0.1
3152.561,1.254721141267563e-08,1.3198775334435669e-08,0.1
3153.043,1.25101061009911e-08,1.3160833314857172e-08,0.1
3153.525,1.247310180662243e-08,1.3122991706939442e-08,0.1
3154.007,1.2436198270275462e-08,1.3085250259824744e-08,0.1
3154.49,1.2399318982741215e-08,1.3047530732478562e-08,0.1
3154.972,1.2362616394833617e-08,1.3009989063356936e-08,0.1
3155.454,1.2326013790403304e-08,1.2972546805618643e-08,0.1
3155.936,1.2289510912732186e-08,1.2935203710848472e-08,0.1
3156.418,1.2253107505750072e-08,1.2897959531235524e-08,0.1
3156.9,1.2216803314020731e-08,1.2860814019571132e-08,0.1
3157.382,1.2180598082751614e-08,1.2823766929253805e-08,0.1
3157.864,1.2144491557781951e-08,1.2786818014277771e-08,0.1
3158.346,1.2108483485588515e-08,1.2749967029242756e-08,0.1
3158.829,1.2072499213374125e-08,1.271313757905354e-08,0.1
3159.311,1.203668749164218e-08,1.2676481921982317e-08,0.1
3159.793,1.2000973465387578e-08,1.2639923461721808e-08,0.1
3160.275,1.196535688361002e-08,1.2603461955250452e-08,0.1
3160.757,1.1929837495941633e-08,1.2567097160144065e-08,0.1
3161.239,1.1894415052633768e-08,1.2530828834568382e-08,0.1
3161.721,1.1859089304562446e-08,1.2494656737277546e-08,0.1
3162.203,1.1823860003231047e-08,1.2458580627617557e-08,0.1
3162.686,1.1788654110332614e-08,1.2422525716824055e-08,0.1
3163.167,1.1753689749888451e-08,1.2386715411487327e-08,0.1
3163.65,1.1718675910661852e-08,1.2350851673247023e-08,0.1
3164.132,1.1683830121472657e-08,1.2315157316156786e-08,0.1
3164.614,1.1649079545294405e-08,1.2279557751691006e-08,0.1
3165.096,1.1614423937330952e-08,1.2244052742690464e-08,0.1
3165.578,1.1579863053396229e-08,1.2208642052576009e-08,0.1
3166.06,1.1545396649916107e-08,1.2173325445345441e-08,0.1
3166.542,1.1511024483919989e-08,1.2138102685571425e-08,0.1
3167.024,1.1476746313051432e-08,1.2102973538400064e-08,0.1
3167.507,1.1442491070813311e-08,1.2067865178137316e-08,0.1
3167.989,1.1408400359293869e-08,1.2032922746901524e-08,0.1
3168.471,1.1374402918946517e-08,1.1998073226654e-08,0.1
3168.953,1.1340498509824624e-08,1.19633163848218e-08,0.1
3169.435,1.1306686892585326e-08,1.1928651989401997e-08,0.1
3169.917,1.127296782847374e-08,1.1894079808954953e-08,0.1
3170.399,1.1239341079339598e-08,1.1859599612605092e-08,0.1
3170.881,1.1205806407626808e-08,1.1825211170041624e-08,0.1
3171.364,1.1172294288204238e-08,1.1790843191060265e-08,0.1
3171.846,1.1138943250830156e-08,1.1756637756544296e-08,0.1
3172.328,1.1105683581269136e-08,1.1722523387765872e-08,0.1
3172.81,1.107251504432621e-08,1.1688499856648132e-08,0.1
3173.292,1.1039437405398286e-08,1.1654566935676224e-08,0.1
3173.774,1.1006450430466952e-08,1.1620724397882e-08,0.1
3174.256,1.0973553886098214e-08,1.158697201685836e-08,0.1
3174.738,1.0940747539439372e-08,1.1553309566743791e-08,0.1
3175.22,1.0908031158220862e-08,1.151973682223008e-08,0.1
3175.703,1.0875336913733792e-08,1.1486184184064756e-08,0.1
3176.185,1.084279995436206e-08,1.1452790361965856e-08,0.1
3176.667,1.0810352266621344e-08,1.141948557236738e-08,0.1
3177.149,1.0777993620553773e-08,1.1386269592147113e-08,0.1
3177.631,1.0745723786780081e-08,1.1353142198730316e-08,0.1
3178.113,1.0713542536491229e-08,1.132010317008267e-08,0.1
3178.595,1.0681449641449497e-08,1.1287152284713048e-08,0.1
3179.077,1.0649444873987336e-08,1.1254289321665035e-08,0.1
3179.56,1.0617461880654749e-08,1.1221446153072004e-08,0.1
3180.042,1.058563286928366e-08,1.1188758555235304e-08,0.1
3180.524,1.0553891305429512e-08,1.1156158219632367e-08,0.1
3181.006,1.0522236963691207e-08,1.1123644927456876e-08,0.1
3181.488,1.0490669619231891e-08,1.1091218460436241e-08,0.1
3181.97,1.0459189047776167e-08,1.1058878600830393e-08,0.1
3182.452,1.0427795025610518e-08,1.1026625131424915e-08,0.1
3182.934,1.0396487329575336e-08,1.0994457835540934e-08,0.1
3183.417,1.0365201051337104e-08,1.0962310027432995e-08,0.1
3183.899,1.0334065518273711e-08,1.0930314608318588e-08,0.1
3184.381,1.0303015644751768e-08,1.0898404715394757e-08,0.1
3184.863,1.0272051209839976e-08,1.0866580134087793e-08,0.1
3185.345,1.0241171993155245e-08,1.0834840650339551e-08,0.1
3185.827,1.021037777486514e-08,1.0803186050621456e-08,0.1
3186.309,1.0179668335687253e-08,1.0771616121917716e-08,0.1
3186.791,1.0149043456887058e-08,1.0740130651738424e-08,0.1
3187.273,1.0118502920276958e-08,1.0708729428103476e-08,0.1
3187.756,1.0087983407931556e-08,1.067734735334562e-08,0.1
3188.238,1.0057611077168288e-08,1.0646114162632336e-08,0.1
3188.72,1.0027322436843802e-08,1.0614964585196067e-08,0.1
3189.202,9.997117270944347e-09,1.058389841112156e-08,0.1
3189.684,9.966995363990637e-09,1.0552915431000304e-08,0.1
3190.166,9.936956501047389e-09,1.0522015435939378e-08,0.1
3190.648,9.907000467712246e-09,1.0491198217552446e-08,0.1
3191.13,9.877127050122077e-09,1.0460463567961888e-08,0.1
3191.613,9.847274313366326e-09,1.042974777130433e-08,0.1
3192.094,9.817627209376593e-09,1.0399241146180149e-08,0.1
3192.577,9.787938979734633e-09,1.0368689792304554e-08,0.1
3193.059,9.758394066543392e-09,1.033828351859421e-08,0.1
3193.541,9.728930707318348e-09,1.0307958781429993e-08,0.1
3194.023,9.699548691377624e-09,1.0277715375956328e-08,0.1
3194.505,9.67024780856872e-09,1.0247553097815456e-08,0.1
3194.987,9.641027849263333e-09,1.0217471743144273e-08,0.1
3195.469,9.611888604360388e-09,1.018747110857839e-08,0.1
3195.951,9.582829865275463e-09,1.0157550991250922e-08,0.1
3196.434,9.55379138602486e-09,1.012764936382897e-08,0.1
3196.916,9.524893200858446e-09,1.00978898403447e-08,0.1
3197.398,9.496074898456872e-09,1.0068210228033676e-08,0.1
3197.88,9.46733627231386e-09,1.0038610325998347e-08,0.1
3198.362,9.438677116442189e-09,1.0009089933827913e-08,0.1
3198.844,9.410097225365082e-09,9.979648851602746e-09,0.1
3199.326,9.381596394123565e-09,9.950286879887608e-09,0.1
3199.808,9.35317441826902e-09,9.921003819736054e-09,0.1
3200.291,9.324772371899956e-09,9.891738964435052e-09,0.1
3200.773,9.296507658055113e-09,9.862613295188581e-09,0.1
3201.255,9.268321188887256e-09,9.83356594315426e-09,0.1
3201.737,9.240212761984106e-09,9.804596711313934e-09,0.1
3202.219,9.212182175436931e-09,9.775705403133161e-09,0.1
3202.701,9.184229227844944e-09,9.746891822554336e-09,0.1
3203.183,9.156353718307532e-09,9.718155773997461e-09,0.1
3203.665,9.128555446425724e-09,9.689497062358368e-09,0.1
3204.147,9.100834212303824e-09,9.660915493009216e-09,0.1
3204.63,9.073132542760793e-09,9.63235181343031e-09,0.1
3205.112,9.045564945259549e-09,9.603924105712073e-09,0.1
3205.594,9.018073788404546e-09,9.57557295883804e-09,0.1
3206.076,8.990658874291913e-09,9.547298180070245e-09,0.1
3206.558,8.963320005506947e-09,9.519099577138881e-09,0.1
3207.04,8.936056985134527e-09,9.490976958246272e-09,0.1
3207.522,8.908869616745238e-09,9.462930132057683e-09,0.1
3208.004,8.881757704403142e-09,9.434958907705505e-09,0.1
3208.487,8.854665038122076e-09,9.407005297915346e-09,0.1
3208.969,8.827703607560146e-09,9.379184862359054e-09,0.1
3209.451,8.800817047766188e-09,9.351439458428217e-09,0.1
3209.933,8.774005164756003e-09,9.323768897113507e-09,0.1
3210.415,8.747267765030438e-09,9.296172989857689e-09,0.1
3210.897,8.720604655573667e-09,9.268651548570816e-09,0.1
3211.379,8.694015643848295e-09,9.2412043856146e-09,0.1
3211.861,8.667500537806692e-09,9.213831313810806e-09,0.1
3212.344,8.641004364702897e-09,9.186475585852951e-09,0.1
3212.826,8.614636648118075e-09,9.159250289388844e-09,0.1
3213.308,8.588342263533318e-09,9.132098524886804e-09,0.1
3213.79,8.562121020808393e-09,9.105020106986481e-09,0.1
3214.272,8.535972730277222e-09,9.078014850777796e-09,0.1
3214.754,8.509897202752121e-09,9.051082571800797e-09,0.1
3215.236,8.483894249511765e-09,9.02422308604588e-09,0.1
3215.718,8.457963682308629e-09,8.997436209953097e-09,0.1
3216.2,8.432105313368141e-09,8.970721760405786e-09,0.1
3216.683,8.406265531438716e-09,8.944024355421301e-09,0.1
3217.165,8.380551146386027e-09,8.917454360723051e-09,0.1
3217.647,8.35490839868911e-09,8.890956245520764e-09,0.1
3218.129,8.329337102443261e-09,8.864529828479578e-09,0.1
3218.611,8.303837072204859e-09,8.838174928705282e-09,0.1
3219.093,8.278408122997122e-09,8.811891365743031e-09,0.1
3219.575,8.253050070303813e-09,8.78567895957909e-09,0.1
3220.057,8.227762730071191e-09,8.759537530636628e-09,0.1
3220.54,8.202493674853276e-09,8.733412884801261e-09,0.1
3221.021,8.177399453063022e-09,8.707466888298881e-09,0.1
3221.504,8.152271197754962e-09,8.681483595244225e-09,0.1
3221.986,8.127265020992925e-09,8.655624433749099e-09,0.1
3222.468,8.102328642914209e-09,8.629835357766582e-09,0.1
3222.95,8.077461882208323e-09,8.604116190331438e-09,0.1
3223.432,8.052664558017055e-09,8.578466754906307e-09,0.1
3223.914,8.027936489934721e-09,8.552886875384358e-09,0.1
3224.396,8.003277498003115e-09,8.527376376091246e-09,0.1
3224.878,7.978687402717313e-09,8.501935081776175e-09,0.1
3225.361,7.954115222102316e-09,8.476510249700624e-09,0.1
3225.843,7.929662525395636e-09,8.451206983973295e-09,0.1
3226.325,7.905278189136632e-09,8.425972399674832e-09,0.1
3226.807,7.880962035603873e-09,8.400806323255652e-09,0.1
3227.289,7.856713887529257e-09,8.37570858159355e-09,0.1
3227.771,7.832533568078081e-09,8.350679001983457e-09,0.1
3228.253,7.808420900864084e-09,8.32571741214495e-09,0.1
3228.735,7.784375709938616e-09,8.300823640215185e-09,0.1
3229.218,7.760348142972914e-09,8.275946078466677e-09,0.1
3229.7,7.736437517626065e-09,8.251187568252814e-09,0.1
3230.182,7.712593842998075e-09,8.226496362514704e-09,0.1
3230.664,7.688816944894741e-09,8.201872291058811e-09,0.1
3231.146,7.665106649557837e-09,8.177315184106264e-09,0.1
3231.628,7.641462783663306e-09,8.152824872292681e-09,0.1
3232.11,7.617885174318711e-09,8.128401186663305e-09,0.1
3232.592,7.594373649065722e-09,8.10404395867872e-09,0.1
3233.074,7.570928035877312e-09,8.079753020209181e-09,0.1
3233.557,7.547499725411783e-09,8.0554780131925e-09,0.1
3234.039,7.524185557842564e-09,8.031319287655635e-09,0.1
3234.521,7.500936788474865e-09,8.007226349348316e-09,0.1
3235.003,7.477753246995729e-09,7.983199031772803e-09,0.1
3235.485,7.454634763516571e-09,7.959237168835975e-09,0.1
3235.967,7.431581168574101e-09,7.935340594851403e-09,0.1
3236.449,7.408592293130541e-09,7.911509144534521e-09,0.1
3236.931,7.385667968566078e-09,7.887742653005601e-09,0.1
3237.414,7.362760666231856e-09,7.863991849376271e-09,0.1
3237.896,7.339965072316294e-09,7.840354916298985e-09,0.1
3238.378,7.317233525607219e-09,7.816782449431695e-09,0.1
3238.86,7.2945658591718406e-09,7.793274285493651e-09,0.1
3239.342,7.271961906488859e-09,7.769830261603985e-09,0.1
3239.824,7.249421501456851e-09,7.746450215276029e-09,0.1
3240.306,7.226944478388389e-09,7.723133984420302e-09,0.1
3240.788,7.204530672010086e-09,7.699881407344224e-09,0.1
3241.271,7.1821336120301705e-09,7.67664427849949e-09,0.1
3241.753,7.159845875167068e-09,7.653518656695984e-09,0.1
3242.235,7.137620861309769e-09,7.630456205614807e-09,0.1
3242.717,7.115458406834151e-09,7.607456765131095e-09,0.1
3243.199,7.093358348523865e-09,7.584520175510228e-09,0.1
3243.681,7.071320523569885e-09,7.561646277407151e-09,0.1
3244.163,7.049344769571349e-09,7.538834911867644e-09,0.1
3244.645,7.027430924535003e-09,7.516085920319687e-09,0.1
3245.127,7.005578826867546e-09,7.493399144581289e-09,0.1
3245.61,6.9837431707648645e-09,7.470727552007016e-09,0.1
3246.092,6.962014211957457e-09,7.448164863140361e-09,0.1
3246.574,6.940346517838526e-09,7.425663917517183e-09,0.1
3247.056,6.9187399284315125e-09,7.403224558491761e-09,0.1
3247.538,6.897194284156441e-09,7.380846629798007e-09,0.1
3248.02,6.875709425832732e-09,7.358529975552366e-09,0.1
3248.502,6.854285194680222e-09,7.336274440250593e-09,0.1
3248.984,6.832921432314317e-09,7.314079868767662e-09,0.1
3249.467,6.8115738452967154e-09,7.291900248790055e-09,0.1
3249.948,6.7903746823821674e-09,7.269872998643746e-09,0.1
3250.431,6.769147493521364e-09,7.247814785112103e-09,0.1
3250.913,6.748024154349444e-09,7.2258626502357925e-09,0.1
3251.395,6.726960497639257e-09,7.203970708883697e-09,0.1
3251.877,6.705956367369771e-09,7.1821388081859e-09,0.1
3252.359,6.6850116079105924e-09,7.1603667956434634e-09,0.1
3252.841,6.6641260640187805e-09,7.138654519129782e-09,0.1
3253.323,6.6432995808408235e-09,7.11700182688879e-09,0.1
3253.805,6.622532003909501e-09,7.095408567534667e-09,0.1
3254.288,6.6017802757454155e-09,7.073829975266602e-09,0.1
3254.77,6.581130170869774e-09,7.05235525152439e-09,0.1
3255.252,6.560538510839818e-09,7.030939508407639e-09,0.1
3255.734,6.540005142728389e-09,7.009582596002743e-09,0.1
3256.216,6.5195299139943e-09,6.988284364758511e-09,0.1
3256.698,6.499112672475928e-09,6.967044665487798e-09,0.1
3257.18,6.478753266391081e-09,6.9458633493718755e-09,0.1
3257.662,6.458451544340566e-09,6.924740267948267e-09,0.1
3258.145,6.438165414609854e-09,6.9036316300907406e-09,0.1
3258.627,6.417978726831121e-09,6.882624694174308e-09,0.1
3259.109,6.3978492708407415e-09,6.8616755494344124e-09,0.1
3259.591,6.377776896747471e-09,6.840784048855406e-09,0.1
3260.073,6.357761455036703e-09,6.81995004577777e-09,0.1
3260.555,6.337802796565488e-09,6.799173393900093e-09,0.1
3261.037,6.317900772566703e-09,6.778453947278136e-09,0.1
3261.519,6.298055234644181e-09,6.757791560322839e-09,0.1
3262.001,6.278266034772147e-09,6.737186087800485e-09,0.1
3262.484,6.25849214375203e-09,6.716594811577913e-09,0.1
3262.966,6.2388152935088965e-09,6.6961028509621506e-09,0.1
3263.448,6.219194339158319e-09,6.675667370898213e-09,0.1
3263.93,6.1996291341515646e-09,6.655288227563367e-09,0.1
3264.412,6.180119532308605e-09,6.634965277485741e-09,0.1
3264.894,6.160665387812209e-09,6.614698377542289e-09,0.1
3265.376,6.141266555215568e-09,6.594487384959135e-09,0.1
3265.858,6.121922889429659e-09,6.574332157310589e-09,0.1
3266.341,6.1025942848958225e-09,6.554190909816338e-09,0.1
3266.823,6.083360632632812e-09,6.534146901107124e-09,0.1
3267.305,6.064181713800464e-09,6.514158231843134e-09,0.1
3267.787,6.045057384761096e-09,6.4942247609834065e-09,0.1
3268.269,6.0259875022360965e-09,6.474346347828563e-09,0.1
3268.751,6.006971923304318e-09,6.454522852023927e-09,0.1
3269.233,5.988010505405641e-09,6.434754133558805e-09,0.1
3269.715,5.969103106333931e-09,6.4150400527606675e-09,0.1
3270.198,5.950210524955368e-09,6.3953397393382154e-09,0.1
3270.68,5.931410849683013e-09,6.3757346288570014e-09,0.1
3271.162,5.91266476846261e-09,6.356183738782181e-09,0.1
3271.644,5.893972140507541e-09,6.336686930799329e-09,0.1
3272.126,5.875332825385267e-09,6.317244066933258e-09,0.1
3272.608,5.8567466830142906e-09,6.297855009543579e-09,0.1
3273.09,5.838213573663199e-09,6.27851962132601e-09,0.1
3273.572,5.819733357951871e-09,6.2592377653112195e-09,0.1
3274.054,5.801305896848178e-09,6.240009304863179e-09,0.1
3274.537,5.782892984180121e-09,6.22079437637317e-09,0.1
3275.019,5.764570725318228e-09,6.201672408556524e-09,0.1
3275.501,5.746300805767298e-09,6.182603428114514e-09,0.1
3275.983,5.7280830878831566e-09,6.163587299740472e-09,0.1
3276.465,5.70991743436829e-09,6.144623888455596e-09,0.1
3276.947,5.691803708266469e-09,6.125713059612023e-09,0.1
3277.429,5.673741772965854e-09,6.106854678890845e-09,0.1
3277.911,5.6557314921962465e-09,6.0880486122979095e-09,0.1
3278.394,5.637735524645997e-09,6.069255871841554e-09,0.1
3278.875,5.619865350875637e-09,6.050592887165949e-09,0.1
3279.358,5.601972226750451e-09,6.0319043233529556e-09,0.1
3279.84,5.584167314122102e-09,6.013306287169747e-09,0.1
3280.322,5.566413379497964e-09,5.994759899766213e-09,0.1
3280.804,5.548710288645639e-09,5.9762650290970675e-09,0.1
3281.286,5.5310579076659405e-09,5.957821543442146e-09,0.1
3281.768,5.5134561029977275e-09,5.939429311401944e-09,0.1
3282.25,5.495904741412096e-09,5.921088201895727e-09,0.1
3282.732,5.478403690015547e-09,5.9027980841656605e-09,0.1
3283.215,5.460916663183767e-09,5.884521039769459e-09,0.1
3283.697,5.443515938506069e-09,5.866332619702841e-09,0.1
3284.179,5.4261651270582845e-09,5.848194800773776e-09,0.1
3284.661,5.408864097271709e-09,5.830107453494284e-09,0.1
3285.143,5.391612717911135e-09,5.812070448691997e-09,0.1
3285.625,5.374410858068238e-09,5.794083657511032e-09,0.1
3286.107,5.357258387163711e-09,5.776146951407681e-09,0.1
3286.589,5.3401551749454115e-09,5.75826020215368e-09,0.1
3287.072,5.323065760548559e-09,5.740386327480318e-09,0.1
3287.554,5.306060777770616e-09,5.722599211467914e-09,0.1
3288.036,5.289104664609458e-09,5.704861669227071e-09,0.1
3288.518,5.272197292112183e-09,5.687173573776271e-09,0.1
3289.0,5.2553385316510405e-09,5.669534798441427e-09,0.1
3289.482,5.2385282549215914e-09,5.651945216861081e-09,0.1
3289.964,5.221766333939795e-09,5.6344047029803e-09,0.1
3290.446,5.205052641042397e-09,5.616913131050458e-09,0.1
3290.928,5.188387048886171e-09,5.599470375634083e-09,0.1
3291.411,5.17173500384183e-09,5.5820402748511406e-09,0.1
3291.893,5.155165331553132e-09,5.564694877990672e-09,0.1
3292.375,5.1386433796274566e-09,5.5473979228953165e-09,0.1
3292.857,5.122169021994501e-09,5.530149285346237e-09,0.1
3293.339,5.105742132901019e-09,5.5129488414260146e-09,0.1
3293.821,5.0893625869072065e-09,5.495796467519354e-09,0.1
3294.303,5.073030258889087e-09,5.478692040315063e-09,0.1
3294.785,5.056745024038005e-09,5.4616354367994845e-09,0.1
3295.268,5.040473117243183e-09,5.444591295582883e-09,0.1
3295.75,5.024281792601692e-09,5.427630070194994e-09,0.1
3296.232,5.008137188312173e-09,5.410716301005252e-09,0.1
3296.714,4.992039180813394e-09,5.393849866200767e-09,0.1
3297.196,4.975987646851021e-09,5.377030644261442e-09,0.1
3297.678,4.959982463482012e-09,5.3602585139687125e-09,0.1
3298.16,4.94402350807266e-09,5.343533354395827e-09,0.1
3298.642,4.9281106582929795e-09,5.3268550449128115e-09,0.1
3299.125,4.912210921029415e-09,5.310189008325544e-09,0.1
3299.607,4.8963900117784405e-09,5.2936041348864785e-09,0.1
