sample_id,residual_10deg,residual_15deg
1,0.0015020239295271,-5.787577573476699e-05
2,0.0012417518498426,-8.765039978306244e-05
3,0.0016160100846327,-4.524191913707343e-05
4,0.0016340582005092,-1.9175681120253696e-05
5,0.0015156084450751,-8.243861269771613e-05
6,0.0014912850156599,-2.7463441163722013e-05
7,0.0015847851105279,-4.222845946408316e-05
8,0.0014877981716144,-7.483189436185977e-05
9,0.0017139406053439,-5.256624476723815e-05
10,0.0014797906808934,1.0280917338456597e-05
11,0.0015915212284478,1.9707245960398637e-05
12,0.0014787328374492,2.3619220131942956e-05
13,0.0013717643548388,-5.245945706267019e-05
14,0.0013787896749214,5.097683223043159e-05
15,0.0016125440827502,-4.437951186717082e-05
16,0.001622504090214,6.337204850356826e-05
17,0.0016242420566518,0.0001565476027679
18,0.0013529215900196,0.0001802998592599
19,0.0015486132450977,0.0002112554441454
20,0.0014691811216948,0.0004578020003265
21,0.0016218022628465,0.0004590993863326
22,0.0015573816888263,0.0004685178045021
23,0.0015348965512648,0.0004885814232246
24,0.0015717943724771,0.000575146944004
25,0.0015114756503934,0.0005134079766912
26,0.0014984277171065,0.0006400285409766
27,0.0015058705370509,0.0006075872651877
28,0.0013485534051783,0.0004579011850731
29,0.0016130719451322,0.0004896574425702
30,0.0014930887063888,0.0006733849464247
31,0.0015846881581619,0.000536125484161
32,0.0015541792308509,0.0006292092259113
33,0.0014103403446167,0.0004550198259815
34,0.0015255150391559,0.0006286489384963
35,0.0012810495718687,0.0007491805160856
36,0.0013079804160268,0.0004683183085585
37,0.0013819912589381,0.0002906622615631
38,0.0017106139001169,0.0004454613152335
39,0.001591549249953,0.0003459474005585
40,0.0015374409373889,0.0006025382589239
41,0.0014434958010947,0.0006166700093334
42,0.0015609730711089,0.0004859938562857
43,0.0014480856805259,0.0004562733918223
44,0.001466860263672,0.0005522415941041
45,0.0012877893542833,0.0005568797259772
46,0.0015045505836881,0.0004302945335288
47,0.0015954577586926,0.0004109321418667
48,0.0014342611488543,0.0005218592236398
49,0.001364855163696,0.0005337461233375
50,0.0013025050067613,0.0005225761055166
51,0.0014646402701365,0.0003594325105964
52,0.0012875096326524,0.0005749832533529
53,0.0012207690580918,0.000561513121407
54,0.0012960165934015,0.0005140530737013
55,0.0012316157944877,0.0006164437499694
56,0.0012624148865486,0.0005277674141999
57,0.0012197611961241,0.000683525027148
58,0.0011897110928917,0.000591179135677
59,0.0010525769436325,0.000587390959715
60,0.0011996951569761,0.0007133002538337
61,0.001318432512355,0.0006439808330399
62,0.001129915858264,0.0005620737711928
63,0.001101010310528,0.0005870931994115
64,0.0013693115505772,0.0007377904044787
65,0.0011486655661791,0.0006778103300701
66,0.0012221474225498,0.0004692708890917
67,0.001223751811034,0.0003664098247359
68,0.0011373361583012,0.0006530090304446
69,0.0011577014481169,0.000498573847245
70,0.0012360008196683,0.0004099088621189
71,0.0011224387658979,0.0006314733063665
72,0.0012384888318472,0.0005027478539688
73,0.0010070493130096,0.0006718024199409
74,0.0011427695206205,0.0005228206700799
75,0.0011581464634447,0.0002241429960083
76,0.0009310800169905,0.0005649536373644
77,0.0008954077621763,0.0006387695568616
78,0.0008192939222879,0.0001931008499723
79,0.0006514627613965,0.0006247019432642
80,0.0009349743827841,0.0005010427927337
81,0.000752915227385,0.0004971292821394
82,0.0007329419765159,0.0008600483377242
83,0.0007865723619632,0.000368416663395
84,0.0009175019255,0.0005162737528879
85,0.0008764031431502,0.0006562209843318
86,0.0007500825209627,0.0007683078552492
87,0.0007490336935235,0.0006631185808804
88,0.0008603240224821,0.0006212511925078
89,0.0007533401950904,0.0006434001357797
90,0.0007863025553631,0.0006586896434206
91,0.0009086136696014,0.0006445848215051
92,0.0007326877488215,0.0006620137606092
93,0.0007674526681835,0.0006373225471033
94,0.0009604434213497,0.0007224856733467
95,0.000731238619108,0.0007327687360157
96,0.0007084111880091,0.0007652901344334
97,0.0006892453690198,0.0007072101689022
98,0.00076709931619,0.0005610045390373
99,0.0007653536253028,0.0007052413142158
100,0.0007398312871365,0.0008325661361683
101,0.0007008360614403,0.0007211715948844
102,0.0008511969413886,0.0007502578706063
103,0.0007084678268067,0.0004704191345962
104,0.0004700251229326,0.0009620288474891
105,0.0005005833391934,0.0005738948576475
106,0.0005693330880016,0.000577558999522
107,0.0004765875256544,0.0006284188485907
108,0.0003486268017732,0.0007119066694828
109,0.0003764452709182,0.0005761690484028
110,0.0004349008455034,0.0008736246477979
111,0.0002841413351477,0.0007213609080701
112,0.0002957661455711,0.0005734077459637
113,0.0001074997775088,0.0006889184529617
114,0.0002708241256418,0.0006283944936863
115,0.0001624294421938,0.0005209137045616
116,0.0004302213126577,0.0005926691909516
117,0.0002356847814797,0.0006197621643163
118,0.0001326299643429,0.0006509191947239
119,0.0001378116247615,0.0005533902457215
120,0.0003422048994183,0.0007955906874773
121,0.0001647886119635,0.0007611856522897
122,0.0002855117720914,0.0007511265330449
123,0.000374495674637,0.0006205221816817
124,0.0001903229986898,0.0004495826076648
125,0.0001970440397191,0.00058209604099
126,-2.137292983697692e-05,0.0006792740490711
127,0.000246346269348,0.000635068114381
128,0.0002369236446644,0.0004815150612916
129,0.0002979592836163,0.0004709289641956
130,0.0002139258530517,0.0005812159460338
131,0.0001613061984126,0.0003733041768309
132,0.0001816595430046,0.0004981882722445
133,0.0002008154872858,0.0005742820921196
134,0.000194778532143,0.0003518996573313
135,0.0002934453837431,0.0004909627411044
136,0.0001063142032303,0.0003179322001758
137,0.0001326837927032,0.0002096668567955
138,7.031292815737333e-05,0.0003904290703431
139,-2.336144110537397e-05,9.676223594956568e-05
140,-7.963930470367142e-07,0.0003100262831308
141,-1.4269833443769642e-05,0.0002106002744326
142,-1.934347251508761e-05,0.0001301233157146
143,-0.0001013971412738,0.0001702760339573
144,7.878432070104746e-05,0.0002032598880984
145,-9.561490898410407e-05,0.0003267251593432
146,6.53591170191592e-05,0.0003172807553317
147,-0.0001034461846262,0.0002286561088569
148,-0.0001549534283492,0.0003199540765981
149,-3.9095160055485634e-05,4.9921037864913975e-05
150,-0.0001860864664223,0.0002101596447736
151,-0.0001806172985962,0.0003036323912996
152,-0.0002536765424685,0.000211924410765
153,-0.0003054604735729,0.0004080257605509
154,-0.0001907911005383,0.0002420474145953
155,-0.0002227691653501,0.0002684314622208
156,-0.0001980519435904,0.0002530245069757
157,-0.0001787137446575,0.0002798529654907
158,-0.0005144057119647,0.0001485677663491
159,-0.0003040614523349,0.0001139883212255
160,-0.0003406302306066,0.0001240573667929
161,-0.0003011850072085,0.0002851145175133
162,-0.0004820310634629,0.0001008579385912
163,-0.0003564223153882,0.0001320986017592
164,-0.0002871239137728,0.0002217512842386
165,-0.0003894491442273,-3.996053228388918e-05
166,-0.0003528135272183,-0.0002094761626637
167,-0.0005603513401558,-2.9982339635720168e-05
168,-0.0003321730169117,0.0001364479244383
169,-0.00038782551507,-5.422804418905858e-05
170,-0.0002977697947052,0.000206952043491
171,-0.0003051150505985,-0.0001669705248541
172,-0.0003218985121453,-7.74418638104235e-05
173,-0.0004952261432431,-0.0001443152911108
174,-0.0003513432421598,7.885714867206239e-07
175,-0.0004979984311129,-0.0001039275545197
176,-0.0005350922074305,-0.0001922172459273
177,-0.0004554864954799,-8.505059520180769e-05
178,-0.0005205895135992,-0.0003169847045056
179,-0.0003183688014646,-0.0001416402099717
180,-0.0004458016599155,-0.0002557429752169
181,-0.0003345129226638,-0.0003914425735525
182,-0.0006932190560004,-0.0002471912887249
183,-0.0003525392584804,-0.0002939922156385
184,-0.0004142383605895,-0.0003849705610617
185,-0.0006498860909824,-0.0002403037273238
186,-0.0006069365099414,-0.0003699973899073
187,-0.0005804940112314,-0.0002857637584955
188,-0.0005706238495967,-0.0004358233942497
189,-0.0006594409097464,-0.0003292881734561
190,-0.0007815547059034,-0.0002615591881255
191,-0.0007474588813339,-0.0003890544465716
192,-0.0006479595078581,-0.000498097773974
193,-0.0007517216853413,-0.0004191343129212
194,-0.0007125297471918,-0.0005759129163833
195,-0.0007749983752459,-0.0005963110990239
196,-0.0007019892224498,-0.0005464719219971
197,-0.0005717755956474,-0.0005475249028456
198,-0.0007530795269024,-0.0005171183789641
199,-0.0005297712728776,-0.000435161508033
200,-0.0008000229141962,-0.0003656664684328
201,-0.0008775220547855,-0.0003596025596391
202,-0.0004466274138284,-0.0004108033297185
203,-0.0007210701468725,-0.0003930362260397
204,-0.0009574547316941,-0.0004678977752627
205,-0.0007993637587598,-0.0006358824650849
206,-0.0007302522382878,-0.0006223401059987
207,-0.0007747592994855,-0.0004215521315745
208,-0.0007776761897694,-0.0005124327987261
209,-0.0008201847739684,-0.0007780604879558
210,-0.0007857707917358,-0.0006155222277225
211,-0.0006861069849452,-0.0007660806113816
212,-0.000715555972498,-0.0007469143978015
213,-0.0008185553808053,-0.0006868765641799
214,-0.0009502791494545,-0.0006941876122502
215,-0.0007464999303139,-0.0006890088684151
216,-0.0008709545866205,-0.0008951345838595
217,-0.0007181435920526,-0.0007201034346464
218,-0.0008131508297871,-0.0006781651217932
219,-0.0007755480650329,-0.0007877819700746
220,-0.000741687306756,-0.0006230461148834
221,-0.0009631633893795,-0.0006556314471099
222,-0.000610845724553,-0.0007315403682368
223,-0.0008446822284783,-0.0007079435048008
224,-0.0007119074208756,-0.0007759957083575
225,-0.0007885441239362,-0.0006896292554263
226,-0.0008505210612603,-0.0008436268474173
227,-0.0008731510214053,-0.0005273084130104
228,-0.0010228708549008,-0.0007716507696101
229,-0.0007563086045077,-0.0006419222235647
230,-0.000801034388764,-0.0007457217750003
231,-0.0009410550220972,-0.0007894060482885
232,-0.0007735599136814,-0.0008677283918629
233,-0.0009744942662802,-0.0008043699780156
234,-0.0009633299750778,-0.0008309258026777
235,-0.0008337160280646,-0.0009253275664804
236,-0.0008648205970085,-0.0010606145679938
237,-0.0008678710074226,-0.0007959134549269
238,-0.0010351648992439,-0.0008516733386821
239,-0.0008538383830271,-0.0009265234886124
240,-0.0010206035834178,-0.0009640151370831
241,-0.0010375998089557,-0.000876930238046
242,-0.0008015537508122,-0.0007687535666761
243,-0.0010040251815152,-0.0009627700189887
244,-0.0009420533536641,-0.0006013085114406
245,-0.0008501091868511,-0.0007717018513685
246,-0.0007255017403955,-0.0008369195613317
247,-0.0008118946772494,-0.0008821441836234
248,-0.0008807608573934,-0.0006274697123671
249,-0.0009749223142979,-0.0008108579598689
250,-0.0005310616535782,-0.0007880330561139
251,-0.0006724779516409,-0.0007331638482466
252,-0.0008233289543201,-0.0010517665000344
253,-0.0007416886755068,-0.0010530033913136
254,-0.0007687701358081,-0.0010608579386109
255,-0.0006676793830476,-0.0009144049666214
256,-0.0007198646028894,-0.0011036530708663
257,-0.0006691443676941,-0.0008672787898294
258,-0.0007292978108939,-0.0010089565750491
259,-0.0007820496255739,-0.000920355690466
260,-0.0007755635630448,-0.0009443461117564
261,-0.0009480224314103,-0.0011076429256489
262,-0.0007561488976961,-0.0010104850996561
263,-0.0008045766010597,-0.0009713690158011
264,-0.0010468083048195,-0.0010991016524267
265,-0.0009658674298884,-0.0012064108335528
266,-0.0009284635467054,-0.0011561424906014
267,-0.0008405214737656,-0.0011896125616229
268,-0.0009099042761447,-0.0011909229905052
269,-0.0009691366640188,-0.000985297826169
270,-0.000885790558734,-0.0010138452671737
271,-0.0009208959037844,-0.0011494461690877
272,-0.0010400160402005,-0.0011931831566637
273,-0.0009037272437388,-0.0010555260908263
274,-0.0008631344277828,-0.0009961459332909
275,-0.0011049903418356,-0.0011046112456737
276,-0.000931993770011,-0.0010756730885871
277,-0.0008538074295205,-0.0013394744207231
278,-0.0009567114691578,-0.0011067130979214
279,-0.0009137176909908,-0.0010745993079915
280,-0.0009034132179059,-0.0010969580157082
281,-0.0008428001658489,-0.0012962348213977
282,-0.0006443035947851,-0.0010057387601125
283,-0.0006587169886445,-0.001192864559201
284,-0.0008774909537923,-0.0008899204372992
285,-0.0007649546175002,-0.0009234774033101
286,-0.0006957746264145,-0.0011819270553718
287,-0.0006813850315876,-0.0011257762718661
288,-0.0008215943656874,-0.001111367432539
289,-0.000638665306408,-0.0011174355120733
290,-0.0007139951625997,-0.0010456203551608
291,-0.0007395205548225,-0.0010837500903883
292,-0.0009058634138139,-0.0009364356291358
293,-0.0009917503789561,-0.0009748551644643
294,-0.0008176321967461,-0.0011097270699931
295,-0.0008050782817822,-0.0009293806988188
296,-0.0007145645026506,-0.0011727070821066
297,-0.0008513894686233,-0.0012271655495852
298,-0.0007094041820039,-0.0009449867763084
299,-0.0008517908543929,-0.0009809943248048
300,-0.0007039440428902,-0.0009783809280345
301,-0.0005889252010326,-0.0011737676913684
302,-0.0007374120772761,-0.0012591679913854
303,-0.0007309421134837,-0.0012467916746629
304,-0.0006613610434148,-0.0010338610565557
305,-0.0007338392823074,-0.0012139543345057
306,-0.0008883305572694,-0.0011232419868213
307,-0.0007022933840858,-0.0012084323004396
308,-0.0006221910490378,-0.0012732900535923
309,-0.0007789506228034,-0.0013181708870627
310,-0.0006355535589702,-0.0012832681029167
311,-0.0006134073925537,-0.0012555469632277
312,-0.0005248230385194,-0.0012952237887924
313,-0.0004851104903106,-0.0013163242578415
314,-0.0007266471120583,-0.0010588164376149
315,-0.0006587961420771,-0.0012751121607752
316,-0.0004750810346187,-0.0010291667110734
317,-0.000770001782369,-0.0011358789835456
318,-0.0008108834492126,-0.0008187343241099
319,-0.0006622465687954,-0.0012761948282375
320,-0.0007844684430946,-0.0010533205396192
321,-0.0004665376409957,-0.0010287834488262
322,-0.000723131288926,-0.0009293876888972
323,-0.0006921907402527,-0.0010674292972554
324,-0.0006201414287438,-0.0010688816611087
325,-0.000538652976743,-0.0012401644451434
326,-0.0006147418664904,-0.0009773267541532
327,-0.000625370738745,-0.0011651944316737
328,-0.0006824202914147,-0.0010830899586102
329,-0.0006284654781949,-0.0010830607518633
330,-0.0004581685560733,-0.0011272458790437
331,-0.0005000237818674,-0.0012064717910902
332,-0.0004446284429522,-0.0011439960410667
333,-0.0003935270026282,-0.001175211376102
334,-0.0006132812733064,-0.0011661529723943
335,-0.0004961625152018,-0.0010228354338192
336,-0.0002955760350357,-0.0010588985905352
337,-0.0005779071847495,-0.0011581632975848
338,-0.0004216745602271,-0.0010927368334977
339,-0.0005071917597705,-0.0010238058788313
340,-0.0005077348029514,-0.0011959090640421
341,-0.0003700241284143,-0.0012146131598018
342,-0.0002865917951282,-0.0010596829246038
343,-0.000473918599776,-0.0010166833334106
344,-0.0005114275755434,-0.0010144231762481
345,-0.000460878690918,-0.001005746156801
346,-0.0006252996484994,-0.001054693791006
347,-0.0005430797094388,-0.0010388440764412
348,-0.000437004987762,-0.0010500657311799
349,-0.000478408225778,-0.0010665434662329
350,-0.0006615622507333,-0.0010477536325044
351,-0.0007099151182173,-0.0009900544861247
352,-0.0006647843110448,-0.0009289437870468
353,-0.0005948879381539,-0.0009863831976459
354,-0.0005636646335136,-0.0010204266813202
355,-0.0005095691261622,-0.0011315804026343
356,-0.0004734331835622,-0.0010297937182162
357,-0.0005882705634088,-0.0011520683693522
358,-0.0005117864929828,-0.0010804204685074
359,-0.0003050674140016,-0.0009382844436091
360,-0.0004582049882762,-0.0010649903348982
361,-0.0004224201953804,-0.0011500396739012
362,-0.000321625631667,-0.0008085268820479
363,-0.0003866583092996,-0.0010239242692956
364,-0.0003408782552966,-0.0009783906327575
365,-0.0001132120359065,-0.001036270516689
366,-0.0002014045291432,-0.000975551837821
367,-4.183653314893121e-07,-0.000859088554938
368,-0.0001658844214618,-0.0010485491000832
369,-0.0001195395848195,-0.0009478057856484
370,-0.0001543230521177,-0.0010048018030266
371,-0.0002015441286447,-0.0010414347212699
372,-0.0003771945274274,-0.0011729656857518
373,-0.0003642105684085,-0.0010651344168361
374,-0.0004047666567304,-0.0010572130060882
375,-0.0003665555571613,-0.0010793981678728
376,-0.0003069677051372,-0.000990888912775
377,-0.0005131775401553,-0.0010608078478494
378,-0.0003325246047503,-0.0008550847485653
379,-0.0003314492437662,-0.0011808495575111
380,-0.0003945106036434,-0.000975693183105
381,-0.0003604482317235,-0.0011651580983133
382,-0.0003083403148082,-0.0010563499026118
383,-0.0002200831035,-0.000836951558678
384,-0.0003090890114616,-0.0012108633159551
385,-0.0002069378827833,-0.0012475415928338
386,-0.0002430477592158,-0.0010822252659468
387,-0.0002078760795712,-0.001103817668932
388,-0.000190580879141,-0.0009261797912023
389,-0.0003215526891311,-0.0010310975767247
390,-0.000317375112133,-0.0011361621171214
391,-0.000117179276406,-0.0010909074066696
392,-0.0001073665234321,-0.0010810545239877
393,-1.2046253150543862e-07,-0.0009458070191128
394,6.118903638385742e-06,-0.0010163595906578
395,-0.0001833032204518,-0.0011504960846429
396,-0.000174802222756,-0.0011012594933363
397,-0.0002755479832226,-0.0011221828541066
398,6.96626619695051e-07,-0.0011060557482822
399,-0.000211271957225,-0.0011468707132578
400,-0.0002038160143179,-0.0010501582743138
401,-0.0002005487679103,-0.0012213266816175
402,-0.000333537351833,-0.0010359264810177
403,-0.0001943636896865,-0.0012161109567754
404,-0.0002316142945318,-0.0011162695304865
405,-0.0002718489685962,-0.0012145581600143
406,-0.0001395009029981,-0.0013408233384346
407,-0.0001805778831173,-0.0011826374452456
408,-0.0002320316409592,-0.0009314546492805
409,-0.0001963582681167,-0.001116872897577
410,-0.0001918968086305,-0.0010840205135773
411,-0.0002847119943144,-0.0009534665508226
412,-0.0001946675445831,-0.000910178391965
413,-0.0002313890662993,-0.0008591826477929
414,-0.0001884791536354,-0.0010474749562664
415,-0.0001106479182311,-0.0007993931587423
416,-0.0001943489377147,-0.0008630590131585
417,-0.0001554057050892,-0.0008644007180543
418,-0.0001398007513784,-0.0007613371860605
419,0.000107574857322,-0.0008590862849717
420,1.2337005107471157e-05,-0.000860115296075
421,-4.983091076682378e-05,-0.0008884192214305
422,9.712422011187716e-05,-0.0008850717830096
423,1.040421295284144e-06,-0.0008710272218434
424,1.4183129436767803e-05,-0.0008768039971883
425,7.130609066008375e-05,-0.0010522181879044
426,4.008494956717068e-05,-0.0011794310470052
427,-0.0001617870971749,-0.0009820563339434
428,9.738733901931695e-05,-0.000859577272597
429,-2.8467840602341976e-05,-0.0008636721010855
430,0.0001300046777293,-0.0009798620710154
431,6.215092015016133e-05,-0.0009161625467382
432,9.78712249886382e-05,-0.0009614932046239
433,1.2309425760637094e-06,-0.0010393373323476
434,8.916390080890291e-05,-0.0010085706409264
435,8.655012000913231e-05,-0.0007718685821902
436,2.278667435437476e-05,-0.0010079101279596
437,1.6023660181607724e-05,-0.0008063843040937
438,2.3527684629348625e-05,-0.0008499230444041
439,-1.9093034653305807e-05,-0.000949663390028
440,6.706873018744175e-05,-0.0009328248888164
441,0.0001433971168872,-0.0007605370947366
442,-2.6908883470511125e-05,-0.0008992732250857
443,9.805089483760908e-05,-0.0006262655782942
444,9.015216738736398e-05,-0.0005423197406536
445,5.777300811080077e-05,-0.0006157178847186
446,0.0001100181989628,-0.0005815298863954
447,0.0001888914295025,-0.0006536567244337
448,3.849009645698343e-05,-0.0006019084799343
449,9.748320326982696e-05,-0.0005629725358713
450,-0.0002008889180455,-0.0007455988791413
451,-0.0001143375666652,-0.0006406017073642
452,-9.194912440763092e-05,-0.0006232479991885
453,-5.424526556757625e-05,-0.0006997649404086
454,7.510803978791336e-05,-0.0005147805165347
455,-0.0002878842747255,-0.0006910144124085
456,-9.927707236648264e-05,-0.0005891221118326
457,-0.0001972228138426,-0.0006336676972176
458,-6.892557898235952e-06,-0.0006438681492429
459,-3.054869742169508e-06,-0.0007847590615233
460,-1.1112406465813018e-05,-0.0007945990579977
461,5.507849070993109e-05,-0.0007098180552628
462,-7.493223507967772e-05,-0.0008557067237887
463,4.808835810093948e-05,-0.0006244736308564
464,0.0001487817103136,-0.0006194392403139
465,0.0002104849590559,-0.0006471929123468
466,6.38628385591089e-05,-0.0004934432032659
467,-1.4496451788498232e-05,-0.0008249448505717
468,0.0002245681211893,-0.0006480959485513
469,0.0002828517094316,-0.0005583163131302
470,0.000385749926993,-0.000602198383088
471,0.000268149880941,-0.0006736829925006
472,-2.30862942782184e-06,-0.0006193331706227
473,0.000101595186615,-0.0004803503417845
474,0.000273523310422,-0.0004074926253054
475,0.0001501648998238,-0.0005639746559735
476,0.0002492202549023,-0.0003280152812351
477,0.0001435388216461,-0.0004307993736581
478,0.000190509014366,-0.0005394087437047
479,0.0001112840622465,-0.0004887451473508
480,0.0001370692728536,-0.0005147359726904
481,0.0001794067383603,-0.0005061104026394
482,0.0003537772346396,-0.0005709381149747
483,0.0002618134203472,-0.0004848192823883
484,4.155713599124367e-05,-0.0004807928725575
485,0.0001613482696196,-0.0005102774650496
486,0.000265315319199,-0.0006235437382696
487,5.16472137542523e-05,-0.0004494746081233
488,5.31495118444858e-05,-0.0004729447230225
489,0.0001438245490656,-0.0005229823269471
490,5.728873705662663e-05,-0.0004955935596076
491,0.0002740223624937,-0.0003061921566234
492,0.0002024112860765,-0.0003785383497159
493,-6.822575849677048e-05,-0.0003332111669167
494,0.0001358589079134,-0.0003513346216155
495,3.872585722305977e-05,-0.0002944664038637
496,6.546278031083208e-05,-4.0178972554927306e-05
497,0.0001741824925743,-0.0001991698431365
498,-5.608212285859726e-05,-0.0004366342286365
499,0.000195272783792,-0.0003954749399608
500,0.0001630705278677,-0.0002329020862067
501,-5.297510824398e-06,-0.0004379996749915
502,4.77205991349372e-05,-0.0003859929093767
503,0.0001033993387189,-0.00059399722684
504,5.395472495850484e-05,-0.0006236376006917
505,-0.0001030894154928,-0.000592757635994
506,0.0001796383028744,-0.0006025795381875
507,-0.0001031813767201,-0.0004260558135083
508,-4.851875449760068e-05,-0.0005543609694153
509,9.714024721330096e-06,-0.0006034906150347
510,2.0277880779767665e-05,-0.000629021047729
511,-7.82804748156174e-05,-0.0004504940993409
512,-8.363427193258666e-05,-0.0005459024774357
513,-6.756954540593219e-05,-0.0005381326023195
514,-3.347958056421074e-05,-0.0004964562983921
515,-0.0001902616144265,-0.0004485068946722
516,2.879466309463341e-05,-0.0005192913253384
517,6.91533079855422e-05,-0.0005308579302802
518,5.371762091868626e-05,-0.000167334355666
519,-8.757255938013353e-05,-0.0004573128497159
520,-3.468452519722609e-05,-0.0003062010183708
521,-3.2310248978928424e-05,-0.0003252255824994
522,-2.256976346265427e-05,-0.0004938500191204
523,-0.0001243450628423,-0.0004276014145595
524,4.462389598938743e-05,-0.0002915150650933
525,8.989839219772366e-05,-0.0003632093776053
526,-7.844186024419386e-05,-0.000384212270255
527,-0.0001494003819204,-0.0002594223511381
528,-3.931981551644204e-05,-0.0001280516816314
529,-8.236342884160308e-06,-0.0001356079127894
530,-2.4470223314643214e-05,-0.0001892398146308
531,0.0001430799124123,-9.357227197684392e-05
532,-0.0001220109392384,-0.0002194221851927
533,9.933374417173124e-05,-0.0001784516709415
534,-9.76445902152734e-05,-9.303646294567258e-05
535,-8.007474131610515e-05,-0.0003018145425259
536,-0.0001080630079492,-0.0002045354905742
537,-0.0001097337852945,-0.0003733297095407
538,6.309304018264905e-05,-0.0002463927143146
539,-0.0002333133734027,-8.768806719589017e-05
540,-6.456375746971554e-05,-0.0003147797207714
541,-0.0001006368276849,-0.0004395494503465
542,-3.0479985246967267e-05,-0.0003265029547934
543,-6.094401816827966e-05,-0.0003279221574146
544,-9.821580255769956e-05,-0.0003297567068119
545,2.974885852377596e-05,-0.000582858565193
546,-0.0001227466677785,-0.0004163876556069
547,-0.0001781256979528,-0.0004962767878336
548,1.8054026688418823e-05,-0.0002842684204321
549,-0.0002561883296785,-0.0002312852417632
550,-3.684359866951148e-05,-0.0003358215709176
551,1.0717491029321737e-05,-0.0006047768586532
552,-7.03191876178233e-05,-0.000287187488342
553,-0.0001463007612709,-0.0003576784769241
554,0.0001033298629055,-0.000309047206478
555,-8.178158117180812e-05,-0.0001342789908651
556,-8.841693369149306e-06,-0.0004204823833816
557,5.046458841537205e-05,-0.0003363324448314
558,0.0001022458203037,-0.0003765602744899
559,0.0002799748511753,-0.0005035280111069
560,0.000179439621406,-0.0004436095339193
561,-3.266593838890941e-05,-0.00031574666367
562,7.14433324946473e-05,-0.0003168460389881
563,5.163502037663914e-06,-0.0002049895992145
564,0.0001872531795063,-0.0003256996743031
565,5.715154393681754e-05,-0.0002004084612458
566,-0.000106079441633,-0.0002695692037461
567,2.22223686032752e-05,-0.0003855672932793
568,8.488840198830894e-05,-0.0003376231701597
569,0.0001335119661756,-0.0002834394246134
570,0.000139406511599,-0.0003624389523674
571,3.924605487848343e-05,-0.0003739941087265
572,-2.2161861542191463e-05,-0.0004159444091583
573,0.0002683183790148,-0.000518876454294
574,-4.539513252191374e-05,-0.0004414785001324
575,-0.0001163657321683,-0.0003824847591457
576,0.000248739715925,-0.0002732975013919
577,0.000149805718291,-0.0002888574556316
578,0.0001237015509658,-0.000200410110448
579,9.489903963785797e-05,-0.0002596289818174
580,-0.0002721406376635,-0.0003297465860092
581,-7.180123489095025e-05,-0.0002560266115092
582,4.440790289800267e-06,-0.0004500722974185
583,-2.959245607606076e-05,-0.0004607164483322
584,-0.0001042209053684,-0.0003793299354861
585,-8.549275228031394e-07,-0.0002938084979036
586,0.0002281518678468,-0.0002733274435487
587,-5.729030211373831e-05,-0.0003223134878949
588,-7.665510740656467e-05,-0.000241780519156
589,-0.0001343612575489,-0.0004747535669916
590,-0.0001380644320334,-0.0003749292266505
591,-0.0003056921555287,-0.0002101960681262
592,-0.0001032433989551,-0.0001984002373243
593,-7.729948055126834e-05,-0.0004127766572322
594,-0.0001483215669303,-0.0003836406290908
595,-0.0001691626132708,-0.0003468151377991
596,-0.0001863880686513,-0.0003884859319286
597,-0.0001379641329518,-0.0004583789279981
598,-6.185739912048516e-05,-0.0006214006802896
599,-0.0002449081505325,-0.0004284095894625
600,-0.0002101971658712,-0.0003658359509277
601,-4.894907934407944e-05,-0.0004782526465881
602,-0.0002544396816664,-0.000481672046019
603,-0.0001398018210342,-0.0005875931076463
604,-0.0001292899040861,-0.0004550836799288
605,-0.0003447854809028,-0.0005311524419377
606,-0.0001876146865561,-0.0005250490708681
607,-6.274430229000205e-05,-0.0003328112914721
608,-0.0001402869780682,-0.00057272842412
609,-0.0001822433269573,-0.0005973785851105
610,-0.0001494140260263,-0.0006727770878481
611,2.1307882763693664e-05,-0.0002909404440184
612,-7.159630831576891e-05,-0.0007233047647615
613,-7.819137362866102e-05,-0.0003429507618462
614,0.0001155408519507,-0.0005211594150143
615,-0.0001785881144313,-0.0005847629851278
616,-4.773647401862258e-05,-0.0005790014660136
617,-0.0002779020762933,-0.0006134763836546
618,-0.0002092777415322,-0.0006322749704979
619,-0.0001590064616036,-0.0005466905666169
620,-0.0002867845007518,-0.0005654773208662
621,-0.0001278310963694,-0.0002245805920379
622,-0.0003232670811007,-0.0006584523727743
623,-0.0002136204617348,-0.0005218916460495
624,-0.0002449117462408,-0.0005984686675638
625,-0.0003119970722409,-0.0006583413473692
626,-0.0001646227541843,-0.00044965721118
627,-0.0001081804840445,-0.0005484903015058
628,-0.0001134404320042,-0.0005989563787837
629,4.249752872109713e-06,-0.0003999108225011
630,-0.0001956574806622,-0.0004987109747338
631,-0.0003365529744986,-0.00065908788954
632,-0.0001645329526117,-0.0006315196188849
633,-0.0001627657862225,-0.0006290135296772
634,-0.0004159884286001,-0.0005335793134388
635,-0.0001820909156544,-0.0004579161874007
636,-0.0002956430665168,-0.000659419595595
637,-0.0001120366841056,-0.0004735354099422
638,-0.0002616362556804,-0.0005561836313303
639,-0.000478551137348,-0.0005758309273892
640,-0.0002891630142289,-0.0005150145639096
641,-0.0002312728099154,-0.0003723326793322
642,-0.0002161322544648,-0.000412061801176
643,-0.0001350841648367,-0.0003190253912442
644,-0.0001419344453616,-0.0002069027466669
645,-5.331698819854847e-05,-0.0002319635009392
646,-0.0001919620737774,-0.0002331513249508
647,-9.449889387758148e-05,-0.0002140791557843
648,-4.791649541571741e-05,-0.0004100574431847
649,-0.0001543478079633,-0.0003650530328504
650,-8.161116936461488e-05,-0.0004416466554985
651,-7.310940773688768e-05,-0.0005919690842882
652,-0.0001966865418278,-0.0002996230358054
653,-2.5396881359690537e-05,-0.0004104607710428
654,1.5216872642387358e-05,-0.0001841510963697
655,-0.0001617282827869,-0.0002341695366795
656,-0.0002359507012422,-0.0003936835754214
657,-0.0001155706641213,-0.0003176660184079
658,-0.0001479085568583,-0.0003149537224277
659,-0.0001561471362877,-0.0001147382486925
660,-0.000151341857554,-0.0001537183958652
661,-1.785416900601522e-05,-0.0002692269145493
662,-0.0002897725124111,-0.000360337508192
663,-0.0001487972231546,-0.0004762635339785
664,-5.620113042356656e-05,-0.0005552105037146
665,-0.0001754987911032,-0.0001889806540947
666,3.899870539250672e-05,-0.0004191899766607
667,5.488495676109206e-05,-0.0003387089021866
668,7.021465685233541e-05,-0.0004139501697428
669,-0.0001317999949925,-0.0004800410773027
670,-7.05183940381271e-05,-0.0001908775825702
671,2.837156976109867e-05,-0.0002840359037961
672,-4.6831388306634025e-05,-0.0002064662205847
673,4.869798891563026e-05,-0.0003758975430354
674,-0.0001423363641384,-0.000403397646534
675,0.0001127804396212,-0.0004210691486186
676,-0.0001657189641413,-0.000251779582304
677,0.0001547062653536,-0.0003640929458381
678,1.692827402108299e-05,-0.0001051975034464
679,0.0001180968129427,-0.0002190388860651
680,-5.437706158534228e-05,-0.0001809566920628
681,-6.597818799178312e-05,-0.000120086687952
682,5.5903328980533296e-05,-0.0004643944278693
683,-4.29497033930526e-05,-0.0002017457850588
684,4.3437429612658285e-05,-0.0002537638369273
685,0.0001449017113734,-6.302252960016519e-05
686,-1.6533468938539908e-05,-0.0002715375807357
687,6.65849837913346e-05,-0.000546574380169
688,4.892857078131474e-05,-0.0002657222905441
689,0.0001534596995276,-0.0003069122479331
690,0.0001398498384969,-0.0004277519392371
691,8.961838594370719e-05,-6.618802124805367e-05
692,5.767613577026265e-05,-0.0002619843957461
693,-0.0001160980775799,-0.0004006490986417
694,4.757487697737428e-06,-8.486274219829393e-05
695,-5.91431189722047e-05,-0.0002339562155804
696,-0.0002894927402743,-0.0003091261853905
697,-9.060331071680804e-05,-5.608349619340425e-05
698,-0.0003292718563326,-4.072327102766504e-05
699,-0.0002466105273797,-0.0002621836943469
700,-0.00047590759965,-0.0001235325300668
701,-8.02794743537949e-05,6.556563316875708e-05
702,-9.650474055211689e-05,-0.0001878906466132
703,-1.1120577135703693e-05,-0.0002096155922341
704,0.0002357067475554,-0.0002719851078007
705,-0.0001139555238776,-0.0003131728791289
706,-5.930933748674039e-05,-0.0002969987741558
707,-9.88558275799023e-05,-0.0003197326908626
708,-3.089568071487636e-05,-0.0001106208565655
709,0.0002001131534632,-0.0003234752399123
710,8.730107841331547e-05,-0.000378347741359
711,2.479161115767625e-05,-0.0003917661453497
712,-2.2454617237238628e-05,-0.0002376279206505
713,0.0001216532388327,-0.0003707192206721
714,-5.852075998480366e-05,-0.0001524485837774
715,-3.771869193711086e-05,-0.0003182434180057
716,-5.627501356880726e-06,-0.0002387427792127
717,-1.5285516999558046e-05,-0.0001128984784581
718,8.442237112155082e-05,-0.0002766332183645
719,0.0002647115453624,-0.0001293620925925
720,0.0002782761677563,-0.0003224854551477
721,0.0001479824192567,-0.0003357625467829
722,0.0001754840003373,-0.0003101878952005
723,0.0004209760316047,-0.0003113327152443
724,0.0003524172544207,-0.0003237135090758
725,0.000260124916433,-0.0004369911575373
726,0.0002719535573291,-0.0003162350542784
727,8.084773705008264e-05,-0.000335642953475
728,0.0004106470862746,-0.0003254259082524
729,0.0002935985597192,-0.0004148157597428
730,0.0001444025368267,-0.0003553004371827
731,0.0002085931224648,-0.0001936811579986
732,0.0003975316476361,-0.0001460598278777
733,6.587892933315742e-05,-0.00029957683746
734,0.000247210093119,-0.0001216140533307
735,3.2392144529797e-05,-0.0002744322635753
736,0.0002866214262539,-0.0002428181275616
737,0.0003273524108132,-0.0002810592930782
738,9.818960133128884e-05,-0.0002007022963282
739,0.0003152216323116,-0.0002437763619075
740,3.905517042548934e-05,-0.0003280889027724
741,0.0001831490153081,-0.0002701788201919
742,0.0001656834522092,-0.0003619639443918
743,0.0001423345179741,-0.0002308412392247
744,5.0887185077064245e-05,-0.0002111080434491
745,8.927139302636333e-05,-0.000322067211042
746,0.0002559553184126,-0.0004435612838644
747,0.0002997403757589,-0.0004028952915376
748,0.0003978053183775,-0.0003098446513047
749,0.0002985021392357,-0.0002347873678821
750,0.0001923611123155,-0.000394258516858
751,0.0003420895186837,-0.0003664664814202
752,0.0002605600176674,-0.0004088094413452
753,0.0002761181695475,-0.0002236371496606
754,0.0004254641787047,-0.0002871424459248
755,0.0004981109945309,-0.0003286932559996
756,0.0003401349123477,-0.0002442119918122
757,0.0004615829743304,-0.0003669896511039
758,0.00062756737044,-0.0002224884171664
759,0.0006207660519483,-0.0003235132405863
760,0.0004511680640567,-0.0001240284998501
761,0.0004419787640972,-0.0002361246291074
762,0.0004866835425231,-0.0002200394511456
763,0.0004485935423309,-0.0002139339728006
764,0.0004933376600287,-0.0003118757846197
765,0.000372206846612,-0.0003333436605135
766,0.0004433843085437,-0.0001157426573947
767,0.0004598928315762,-6.816749609050987e-05
768,0.0003229311720338,-6.308975257054983e-05
769,0.0005287870369687,-8.963479925161444e-05
770,0.0002332202645407,8.369757861509397e-05
771,0.0002477008533589,-8.03072852443576e-05
772,0.0003457534634928,-9.54848376970574e-05
773,0.0003065682174862,-1.844650576085516e-05
774,0.0006475349013772,1.4180403848318424e-05
775,0.0005065006757571,9.179286414867648e-05
776,0.0004722393266169,0.0001008045335285
777,0.0005477199148245,-9.454881140796843e-05
778,0.000359913833084,-0.0001040159023956
779,0.0002821253861023,-0.0001953747340089
780,0.0004024165624398,-0.0001270081811751
781,0.0004072726213928,-0.0001797517950384
782,0.0003697939940416,-0.0003259211024189
783,0.0004617339843,-0.0001017943052629
784,0.0002249474699692,-0.0001492178800811
785,0.0003173561552966,-2.893043923973826e-05
786,0.0004982435035206,-1.0955801053980084e-05
787,0.000284296620327,0.0001161109868809
788,0.0003524881895974,-0.000110498444537
789,0.0006122670744013,1.1433663984400376e-05
790,0.000440903418062,-7.971819924573742e-05
791,0.0005221149452231,0.0001243304837287
792,0.0004992846629174,-6.810138847734848e-06
793,0.0004586509161943,-0.000152204300221
794,0.0004183875943611,0.0001029901560196
795,0.0004177182747795,-0.0001361140685606
796,0.000460278604715,1.2107501890928908e-05
797,0.0003200328191793,4.185337685941315e-05
798,0.0003412072420047,3.141990015889662e-05
799,0.0003696408869157,0.0001353822506361
800,0.0003785105586032,-7.049925711521965e-05
801,0.0004048539537966,-7.396157203384823e-05
802,0.000392106207207,-6.736003885990383e-05
803,0.000456411006026,-1.0400924014691835e-05
804,0.0003361982669281,-0.0001444377464696
805,0.000585956965514,-0.0001562283020293
806,0.0002391672747824,-0.0001683066462954
807,0.0004168733661993,0.0001066348061048
808,0.0004139009107655,-0.0001251438177034
809,0.0004317032800824,-9.384694805733562e-05
810,0.0003574002275338,-0.0002236716442234
811,0.000346309145137,-6.109504237622465e-05
812,0.0003281577019756,0.0001613827146892
813,0.0003245005826918,-3.66177253159905e-05
814,0.0003306218778341,-0.000254588168102
815,0.0005256091849119,-0.0001148662719711
816,0.0005747643094461,-7.05833469828443e-05
817,0.0004576844660194,-5.372715411139373e-05
818,0.0005273044793211,0.0001366159956018
819,0.0005086875285734,5.419246324050997e-06
820,0.0003296049208134,3.876914505338003e-05
821,0.0006207449005275,6.639406430838934e-05
822,0.0005480545432637,-6.795509870852201e-05
823,0.0003533695398613,5.806580747297341e-05
824,0.0004211482974772,0.0001407826894754
825,0.0003884096406077,0.0001989023099622
826,0.0002823798121066,5.588558853253378e-05
827,0.000527287582606,0.000109568500448
828,0.0003385531495635,0.0001362738571233
829,0.0003520344796303,-0.0002308920307653
830,0.0005928132992281,4.4004393091323646e-05
831,0.0004554102581599,0.0001089507464877
832,0.0003582927306018,4.339940962777567e-05
833,0.0005548056160873,0.0001365021260519
834,0.0004988855404875,-2.2470396430829265e-05
835,0.0005178807268356,-3.4709613614403168e-06
836,0.0006361416470472,0.0001441042000847
837,0.0005623507185338,0.0001310876193464
838,0.0006117265113078,7.824088417321406e-05
839,0.0006546770878223,0.0003502227332596
840,0.000519206452311,1.5670979753329428e-05
841,0.0005407522420489,0.0002653736077012
842,0.0005276148282853,2.310137300901016e-05
843,0.000627809717171,0.0005220348044055
844,0.0006793474506775,0.0001900895044066
845,0.0006368504754937,0.0002263737172556
846,0.000505472159147,0.000168546804565
847,0.0003928800244464,0.0003452683072109
848,0.000486631265795,0.0003014181325224
849,0.0004524395179159,0.0002736714664822
850,0.0004664619567301,0.0002554427747065
851,0.0003664791002265,0.0002268163034245
852,0.0005079756093241,0.0002711312804609
853,0.0002015550959345,0.0003410525512174
854,0.0001936019811929,0.0001574952751174
855,0.0003016519687016,0.0002936196166789
856,0.0003605709996703,0.0002310748399258
857,0.0004382536624358,0.0001665491954082
858,0.0004357461932778,0.0002458023211899
859,0.0003689374772238,0.0003662713438379
860,0.0003085688488473,0.0005111382794101
861,0.0006122603930569,4.482634445773792e-06
862,0.0002929988967234,0.0002326474716606
863,0.000349745026047,0.0004553201647544
864,0.000487764081179,5.38999359744885e-05
865,0.0005276833561922,0.0002849074636646
866,0.0003439793993086,0.0002959980215954
867,0.0003705123136328,0.0002233489799518
868,0.0003423776578781,0.0002176115063198
869,0.000342287647083,0.0001966668666719
870,0.0004625315333355,0.0002182544074772
871,0.0002374498793968,0.0002767326347579
872,0.0003720325501627,0.0001650387803383
873,0.000325763693063,0.0001095150135744
874,0.00026507311529,0.0003253956071195
875,0.0005692539844546,0.0001395001378997
876,0.000498964829235,0.0003735563880903
877,0.000460106240013,0.0003616732460874
878,0.0004377718695006,0.000378185607479
879,0.000468867387141,0.0003369102856982
880,0.0004519774690839,0.000389256453339
881,0.0005309867987936,0.00023927815032
882,0.0004125118845023,0.0003330678106736
883,0.0004591949997523,0.0004506943804386
884,0.0002755792839589,8.446661861502558e-05
885,0.0004087225429653,0.0002780618981139
886,0.000405186749583,0.0001024836067057
887,0.0004781516827578,0.0001036471098615
888,0.0003176942084477,0.000224430774873
889,0.0004179111991864,9.417511747394912e-05
890,0.0002788654010066,0.0002360747943107
891,0.0002503602294566,0.0001411957815726
892,0.0002068582700757,0.0002222870759153
893,0.0001464357788591,0.000250431495381
894,0.0003698702827097,0.0002366538803143
895,0.0004776366779798,0.0002005036493726
896,0.0003026856404078,0.0001717592249343
897,0.0002008035465633,6.140785679795147e-05
898,0.0003278410938904,-5.7693376243173056e-05
899,0.0001180072428975,0.0002013569112518
900,0.0003875422549639,0.000164157112462
901,0.000134349465228,0.0002126668491448
902,0.0002140673829474,0.0001580196725112
903,0.0003095669918481,0.0002686395640959
904,0.0001960121504616,0.0001144405366219
905,0.0004146024408685,-9.95822410284064e-05
906,0.0002110916877213,3.2625497925070635e-05
907,4.716320655881456e-05,-2.907276071820175e-05
908,0.000377291658425,-6.802427088575813e-05
909,0.0003002893806774,0.0001397180489158
910,0.0001125875872519,-8.45466835707187e-05
911,8.816216891749384e-05,9.566928646756456e-05
912,0.0003507783935175,-1.3679948271089204e-05
913,0.0003548241107542,0.0001247996227847
914,0.0005244620082427,4.164852489552118e-06
915,0.0002064066128088,-3.7227920896804045e-05
916,0.0002951606029309,3.530985495756034e-05
917,0.000429025135189,2.532774240171509e-06
918,0.0002651231444353,8.242673767033804e-06
919,0.0003017206439506,3.52985337473688e-05
920,0.0001722240255894,0.0002336036785412
921,0.0003526942599138,-4.362952259037711e-05
922,0.0001095216324038,5.3084770340688925e-05
923,0.0002895098425006,-0.000141010093852
924,0.0003849810877567,0.0001476441696735
925,4.378665481233335e-05,-7.567478277295536e-05
926,0.0001965194094975,9.051215365321608e-05
927,2.1334796893451857e-05,4.980833303461218e-05
928,0.0001141879413786,0.0001518305593855
929,-7.948975333335606e-05,0.000183057087338
930,0.0001802113124942,0.0001193639478534
931,2.6167795076081912e-05,3.3475201879573646e-05
932,0.0001110543245043,0.0002025715217506
933,4.265762211419499e-05,0.0001440476713686
934,6.370018857443371e-05,0.0001045648685544
935,6.702100385241883e-05,0.0002353311856828
936,0.000173327227164,3.980465030709035e-05
937,0.0001311430969153,5.139457742719955e-07
938,0.0002185247306298,7.693111832463018e-06
939,4.406535084053309e-05,-4.409040681319088e-05
940,-8.228849743668887e-05,0.0001077807146721
941,-1.749255179372966e-06,0.0001066345612858
942,-7.055098918815061e-05,-0.0001269259956155
943,2.0074812316056567e-05,-3.407925379006471e-06
944,-1.6532260451673775e-05,0.0001116426624951
945,-4.7265538993424006e-05,-1.7006681105685706e-05
946,7.84448233042967e-05,-0.0001449503443749
947,4.158646109289621e-05,-8.724602265361425e-05
948,-0.0002209196159431,-0.000126502546011
949,3.865095605148916e-05,-6.573549097216302e-05
950,6.453283442112157e-05,-0.0001142393968088
951,-3.651724637915299e-05,-3.568393656672164e-07
952,-7.150957501755872e-05,-0.0002556639305873
953,-3.434716353253875e-05,-0.0001086751180576
954,-0.0002426093475908,-0.0001150710845478
955,-3.796320749527293e-05,-0.0001497881549346
956,-0.0002396100647686,-0.0001754231589739
957,-0.0003952967198688,-0.0002324612447437
958,-0.0002676289753254,-6.609842030447233e-05
959,-0.0003348782658107,-0.0001493015081531
960,-0.0004654972746401,-0.0001927335931431
961,-0.0005222596108729,-0.0001892688924452
962,-0.0003923423096573,-0.0001400136551768
963,-0.0005304184325865,-0.0001287398620466
964,-0.000439258968066,-0.0002602438250062
965,-0.0005180094721346,-0.0002010528221912
966,-0.0005858068285894,-0.0004530552827092
967,-0.000425556623232,-0.0002171018248591
968,-0.0006060902554509,-0.000195880482164
969,-0.0004634116534402,-4.2737417815658096e-05
970,-0.0004050929746292,-0.0002425358243914
971,-0.0004553131061217,-0.0001943966235829
972,-0.0004679923651458,-0.0002786996659352
973,-0.0004903968858827,-0.000237764224476
974,-0.0004170796575861,-0.0002407629853748
975,-0.0003867730884499,-0.0002239118161019
976,-0.0004206075207509,-0.0001540730800762
977,-0.0004367555292861,-6.04490684304182e-05
978,-0.0003586318218808,-0.0001057891998143
979,-0.0004499102399057,-0.0001930360202121
980,-0.0004131608588041,-0.0001447904027686
981,-0.0004038036886271,-0.0001001553476269
982,-0.0004320278034092,-0.0001529781196457
983,-0.0003232500555584,-0.0002211712969898
984,-0.0004078282552623,-4.2206300598313096e-05
985,-0.0003526708564155,-0.0001058115370571
986,-0.0005079523503371,-7.833763930634174e-05
987,-0.0005006637663594,-0.0002146870665439
988,-0.000360492472427,-0.0002394901041422
989,-0.000531638475702,-0.0001649860635728
990,-0.0002795089931135,-0.0004118367992232
991,-0.0005347336444463,-0.0001633889607092
992,-0.0004862126482916,-0.0002945731362413
993,-0.0002822455747918,-0.0001158327410218
994,-0.0004144786364642,-0.000479466616151
995,-0.0003148415888546,-0.0003592779286188
996,-0.0003824973312008,-0.0004440749713091
997,-0.0005822942071019,-0.0003488643630141
998,-0.0004552468051971,-0.0004170507484581
999,-0.0003294167949438,-0.0004265294469927
1000,-0.0004909668858022,-0.0002782363882779
1001,-0.0002464181331815,-0.0004415987138833
1002,-0.0003466698126915,-0.0002811256725879
1003,-0.0003881198484788,-0.0001860373393955
1004,-0.0004314949139475,-0.0003445244156253
1005,-0.0003520054324843,-0.0002233947290126
1006,-0.0004071256781937,-0.0001123340338231
1007,-0.0004008444544099,-0.0001141701060703
1008,-0.0003620745095916,-8.433989232858874e-05
1009,-0.0003583043164594,-0.000208051792429
1010,-0.0005173587593482,-0.0003068405679393
1011,-0.0006177271770727,-0.0001848029076776
1012,-0.0003453257636946,-0.0001923317278899
1013,-0.0004687046693007,-0.0002593932724354
1014,-0.0002793863007824,-0.0001593904129847
1015,-0.0004255428396795,-0.0002532919471705
1016,-0.0004916767576905,-0.0003962644090867
1017,-0.0007848240896804,-0.0003593207812262
1018,-0.0007825034841733,-0.0001352064001627
1019,-0.0008392163083841,-0.0002316458959174
1020,-0.0009271412266566,-0.0003413726115986
1021,-0.0009428149657541,-0.0003140653197951
1022,-0.0007671446156811,-0.0004259792228543
1023,-0.0008918591305084,-0.0002612559531726
1024,-0.0010139444292024,-0.0002016442734934
1025,-0.0008168397183024,-0.0001881996499808
1026,-0.0009350856468373,-0.0002735309527576
1027,-0.0008221554028822,-0.0001654404155075
1028,-0.0009115212732996,-0.0001793887254097
1029,-0.0008604811140578,-0.000247755001634
1030,-0.0007695394510824,-0.0001526367956981
1031,-0.0007843953811131,-0.0003384939918355
1032,-0.0006569573725617,-0.0002567437073706
1033,-0.000996929109523,-0.0004899036926958
1034,-0.0006325393718303,-0.0003211270927953
1035,-0.0007370774280014,-0.0003330203621307
1036,-0.0007520933417371,-0.0003232865542103
1037,-0.0006248219527506,-0.0006954597576576
1038,-0.0007863611776432,-0.0004608575966422
1039,-0.0007160707107812,-0.00051678553132
1040,-0.0006931271251766,-0.0004162168582842
1041,-0.0005579080733679,-0.0004617346110229
1042,-0.0005917413816252,-0.000481154920684
1043,-0.0004505845244927,-0.0004202116887111
1044,-0.0006218003329246,-0.0002845927032837
1045,-0.0006297157863844,-0.0004071161500988
1046,-0.0004676788482965,-0.0003172233541702
1047,-0.0005869258669385,-0.0003035882803378
1048,-0.0007075423763313,-0.0002592934337848
1049,-0.0005466660971334,-0.0006253815605638
1050,-0.0008145414733112,-0.0003846150483361
1051,-0.0006523296811739,-0.0005493256897452
1052,-0.0006884736791031,-0.0004512640864777
1053,-0.0007236716432221,-0.000457971653361
1054,-0.0008093176407642,-0.0005130434488392
1055,-0.0008870145309676,-0.000180453875546
1056,-0.0007697062659696,-0.0005362004808849
1057,-0.0008176769917023,-0.0004117353576158
1058,-0.000687114248786,-0.0004703448444499
1059,-0.0007915054347864,-0.0003060191484625
1060,-0.0008222277016884,-0.000403753357156
1061,-0.0007535001866889,-0.0005526818660755
1062,-0.0007659430180921,-0.0005942958037178
1063,-0.0006334568233539,-0.0004246949476117
1064,-0.000588732529972,-0.0006162836249517
1065,-0.0005616485663748,-0.0004079600132431
1066,-0.0006493242628061,-0.000537994240949
1067,-0.0009761168088648,-0.0007338400776161
1068,-0.0006872938723692,-0.0006823192102658
1069,-0.0007340865942286,-0.0005049184714734
1070,-0.0008122537208005,-0.0007308673000581
1071,-0.000896074604669,-0.0006019462891383
1072,-0.0008346027055195,-0.0007264036868163
1073,-0.0009755006910132,-0.0006278959968707
1074,-0.0008387704376566,-0.000347643779453
1075,-0.0009381901055477,-0.0003270892658539
1076,-0.0008774278698518,-0.0005428182888891
1077,-0.000761016017922,-0.0003472635536347
1078,-0.0007091072052883,-0.0003607340236007
1079,-0.0008611601873586,-0.0002700922277371
1080,-0.0008074593118742,-0.0002409243792865
1081,-0.0008295471414388,-0.0004426223528907
1082,-0.0007692271543652,-0.0005131805853298
1083,-0.0009618939455181,-0.0004915516762641
1084,-0.0005672587271528,-0.0002723764889803
1085,-0.0006984160446798,-0.0004670492608376
1086,-0.000710890946923,-0.0002374354308513
1087,-0.0007517136774329,-0.0003714727917206
1088,-0.0008234485263853,-0.000630260868723
1089,-0.0007115720054838,-0.0003894591545608
1090,-0.0007991842487745,-0.0004837549101316
1091,-0.0006225193134556,-0.0004869103653038
1092,-0.0007100474806822,-0.000468945619693
1093,-0.000503962079969,-0.0003462475930698
1094,-0.0006960362327317,-0.0005172720107729
1095,-0.0006172904719626,-0.0004274045422822
1096,-0.0006479297826548,-0.0004345163739983
1097,-0.000612614577711,-0.0005007525660117
1098,-0.0004723409987189,-0.000200920052898
1099,-0.0005436904167185,-0.000463824644518
1100,-0.0005147789329676,-0.0003482031268186
1101,-0.0006550820796984,-0.0002363684626384
1102,-0.0005135971776603,-0.0004744217057164
1103,-0.0006023038476614,-0.000357626634705
1104,-0.0004160834274899,-0.0002238379641294
1105,-0.0004733564808101,-0.0003836406724383
1106,-0.0007088758059635,-0.0006002303190258
1107,-0.0005599355366898,-0.0003389823450483
1108,-0.0005942112428429,-0.0006960369742425
1109,-0.0006522109310987,-0.0004739854137434
1110,-0.0006986858099007,-0.0005825190461642
1111,-0.0007120837876606,-0.0005504092621801
1112,-0.000776341585393,-0.0004967647072174
1113,-0.0007235667641002,-0.0005972657301965
1114,-0.0006232182250513,-0.0004104690675514
1115,-0.0006485783104493,-0.0005874560440553
1116,-0.0007392950040923,-0.0005043552736457
1117,-0.0006836654320258,-0.000237405660251
1118,-0.00077499056319,-0.000339016898617
1119,-0.0005991494077171,-0.0005929254292943
1120,-0.0006587676937495,-0.0003696786171122
1121,-0.0006632905442562,-0.0004576463826238
1122,-0.0006323737061571,-0.0003656102920993
1123,-0.0006023183723834,-0.0003581382067615
1124,-0.0004881635824782,-0.0003481108836111
1125,-0.0005464705231884,-0.0005266916762515
1126,-0.0005380105290496,-0.0005959989357146
1127,-0.0002443256593803,-0.0004809263981863
1128,-0.0002339874884177,-0.0004751668404656
1129,-0.0002279774701667,-0.0004839019839458
1130,-0.000190880936098,-0.0004789292776017
1131,-0.0002556672682695,-0.0004027453719467
1132,-0.0001090095998614,-0.0003728165198513
1133,-0.0003051009157014,-0.0005342024773593
1134,-8.9410452782962e-05,-0.000438717804504
1135,-0.0002149961058842,-0.0006127380487821
1136,-0.0002404786025133,-0.0003595578326552
1137,-0.0003691287125312,-0.0005118430726756
1138,-0.0003056914805683,-0.0006107042742493
1139,-0.0003412997473946,-0.0005605180224352
1140,-0.0004197753734886,-0.0004884283182283
1141,-0.0004783637748715,-0.0007184235722645
1142,-0.0003222077235536,-0.000671726005618
1143,-0.0005912251479728,-0.0007298865505968
1144,-0.0006031201334217,-0.000697922151535
1145,-0.000320170199232,-0.0006293657373891
1146,-0.0002849560512948,-0.000502382431913
1147,-0.0001537707590826,-0.0004875300842169
1148,-0.0003103357395276,-0.0004829119946369
1149,-0.0003867575684197,-0.0004590522794527
1150,-0.0003300507807787,-0.0004522969716621
1151,-0.0002817509712169,-0.0003673522217501
1152,-0.0002009905942925,-0.0004267978984548
1153,-0.0004616117394125,-0.0005494306216658
1154,-0.0002597826438777,-0.0004453292424778
1155,-0.0002487875022524,-0.0004442475023314
1156,-0.0002498023123429,-0.0005168904506081
1157,-0.0002841823335229,-0.0004819871587165
1158,-0.0004125059870283,-0.0003327211208335
1159,-0.0001488003562422,-0.0004368341546425
1160,-0.0002544460869708,-0.0003220069020654
1161,-7.474668770809934e-05,-0.000214926129992
1162,-0.0001814282154114,-0.0003904388440725
1163,-0.0002353390000862,-0.0003819449484745
1164,-0.0001962737545949,-0.0003161053806065
1165,-6.057954077454131e-05,-0.0002816582144724
1166,-0.0001230550843303,-0.0004173534526134
1167,-0.0002924590750414,-0.000428553126806
1168,-0.0002646131669564,-0.0001302630987555
1169,-1.1336778579784657e-05,-0.000222178860784
1170,-0.0001120933952849,-0.000229729049961
1171,3.559303692279858e-06,-0.0004118524243478
1172,-0.0001693758577697,-0.000105160646324
1173,-0.0002690523577916,-0.0002343575375131
1174,4.3723160270625616e-05,-0.0003276045535103
1175,7.757988770087931e-05,-0.0001949501845367
1176,-7.174814969335142e-05,-0.0001866295560854
1177,-0.0001067938916858,-3.762622956349215e-05
1178,-8.887934372742157e-05,-0.0001923834029266
1179,1.405790529176998e-05,-8.635813596977182e-05
1180,-0.0001108725579581,-9.237009473322956e-05
1181,-2.933384047285048e-05,-7.51014635217706e-05
1182,1.3143888700550832e-05,8.101800721163621e-05
1183,3.651949451249914e-05,-4.5834172614306334e-05
1184,6.496867587571509e-05,2.123686669552871e-05
1185,7.72931656406739e-05,-4.979454597670019e-05
1186,0.0002070333305806,0.0003161428768563
1187,0.0001856440108315,7.962197264432813e-05
1188,0.0001176153626495,0.0001647267899105
1189,0.0001366001944043,0.0001760878596428
1190,0.0001263752084748,0.0002239547979764
1191,0.0001685427412393,1.226217684521802e-05
1192,0.0001409637631193,3.524782344346833e-05
1193,0.0004386162786359,0.0003280451196928
1194,0.0002275032264731,5.535450171856304e-05
1195,0.0001987174427605,-8.767287702446391e-05
1196,0.0004213645451243,8.988663552214615e-05
1197,0.0002618103357248,1.4211388409873791e-05
1198,0.0003454075892023,9.62495519715445e-05
1199,0.0002830430833787,-0.0003629890152156
1200,0.000267784863699,-3.866876249589146e-05
1201,0.0003298598105017,-0.000128711888468
1202,0.0003732420391611,-0.0002967095414484
1203,0.0004276513002405,-8.441571992473529e-05
1204,0.0004243568796544,-0.0001432059730028
1205,0.0001806806784636,1.5796159089143114e-05
1206,0.0003402362905244,6.641973992527195e-06
1207,0.0003093748910026,-6.472433428844626e-05
1208,0.000473851408898,0.0002061543782583
1209,0.0002928600095161,0.0002371659029172
1210,0.0004013752946864,0.0001566976778475
1211,0.0004087728029912,1.93388876949252e-05
1212,0.000386479410003,0.0001555463632121
1213,0.0001888338273625,-9.790502061504668e-05
1214,0.0005133961877185,0.0001781223814294
1215,0.0003892827953728,0.0002279785202601
1216,0.0004101837762876,0.0001133211073124
1217,0.0003718091947403,0.0001183968983562
1218,0.0001980071536151,0.0003576060931678
1219,0.0003823843947034,0.0001635626352105
1220,0.0001451188990139,0.0001213328113235
1221,0.0002810549870903,0.0003121570514207
1222,0.0004311128364961,0.000303801913754
1223,0.0002293530657473,0.0002674722115775
1224,0.0004863304772096,0.0001452883235171
1225,0.0004104729528008,0.0004851189488216
1226,0.0004883763156954,0.0002555413284377
1227,0.0003526204306936,0.0002391042447617
1228,0.0005288901045989,0.0002079701213998
1229,0.0003563655866046,0.000110643122938
1230,0.0005599682946747,0.000277099623812
1231,0.0004992931311497,0.0002981913361534
1232,0.0005802216769557,0.0003393774147174
1233,0.0006231175547494,0.0002469392857646
1234,0.0007109957316283,0.0005048221155199
1235,0.0005424727195647,0.0004568646099969
1236,0.000426706175847,0.0005306926148323
1237,0.0006470424035292,0.0005512004151276
1238,0.0005846105518868,0.0005789576353019
1239,0.0007141947392469,0.000532016777717
1240,0.0006164513370505,0.0006796412020713
1241,0.0005353540796919,0.0007440742568411
1242,0.0005750759059421,0.0006104650222904
1243,0.0003762843031894,0.0004966271173978
1244,0.0006996907079385,0.0007807550997631
1245,0.0007484496063183,0.000726074265525
1246,0.0005233413345962,0.0006702450492855
1247,0.000468263123165,0.0007753300102594
1248,0.0006464623479033,0.0004940132401387
1249,0.0006457086109107,0.0008292643236983
1250,0.0007011036541841,0.0004855991487079
1251,0.0006729297725305,0.0006246191411665
1252,0.0006301328141203,0.000507187965284
1253,0.0007663761810468,0.0005036316234709
1254,0.0006714138298923,0.0005951748563375
1255,0.0008087146272493,0.0006302763933006
1256,0.0008435670755529,0.0006056156996087
1257,0.0008475362507887,0.0005585711591799
1258,0.0010885856584232,0.0007152468253415
1259,0.0008165548610132,0.0004229426432577
1260,0.0006861020542039,0.0006609368831031
1261,0.0008583123922568,0.0006845165535013
1262,0.0008092819886597,0.000493811001597
1263,0.0008640541167449,0.0004465482131368
1264,0.0009335575103104,0.0004885233125589
1265,0.0009329819831376,0.000404937458211
1266,0.0010280746475872,0.0005617442257453
1267,0.0009660773399132,0.000735958487059
1268,0.0010606786420218,0.0007514781223079
1269,0.0011146686994709,0.0004468681509224
1270,0.0011306176221208,0.0005751230317507
1271,0.0009921548847895,0.0006304304632108
1272,0.0009049707279123,0.0006216736834505
1273,0.0010375203956887,0.0006283735536632
1274,0.0009345165135463,0.0007391417811246
1275,0.0007858574248669,0.0007923404503259
1276,0.00098335843917,0.0006950771599911
1277,0.0009429479349534,0.0007192689495074
1278,0.0009004057603771,0.0007394195991369
1279,0.0007927523339499,0.000682119030237
1280,0.0008345458452198,0.0008785602054902
1281,0.0007523436554683,0.0010536172291404
1282,0.0007799902602798,0.0008689951631837
1283,0.0007210305892852,0.0010462789004749
1284,0.0009387633293039,0.0009416014480705
1285,0.0007730648354997,0.0008288123788816
1286,0.0008561819382872,0.0009845771086922
1287,0.0009060687440433,0.0009060956964451
1288,0.0008848679358212,0.0010119398445368
1289,0.0008111614740673,0.0010751422991195
1290,0.0010180711719841,0.0009799295790547
1291,0.0008021433692529,0.0008884239734396
1292,0.0009316689563206,0.0009696335748218
1293,0.0008929043103796,0.0009214623074438
1294,0.000957681089634,0.0009871338409337
1295,0.0010779949340288,0.0010842232906537
1296,0.0008789978659808,0.0011625857180571
1297,0.000949032491111,0.0010150875310514
1298,0.0008574863989787,0.00098501268437
1299,0.0008544745355156,0.0009982808762017
1300,0.0009931787010677,0.0011593156386697
1301,0.0008180019191459,0.0011769352858153
1302,0.0008829750223999,0.0011480044634263
1303,0.0010914866311073,0.0008938175660818
1304,0.0008324250539128,0.0011484784375662
1305,0.0008785811885701,0.0012020203712911
1306,0.0008593457226823,0.0010824186107224
1307,0.0007780945014483,0.0009711265130112
1308,0.0009488893647973,0.0011728264318152
1309,0.0010310044268856,0.001131830185981
1310,0.0010330026421245,0.0011588431235088
1311,0.0008921155584881,0.0011004511446936
1312,0.000886653118256,0.0011696537025942
1313,0.0009669976587557,0.0012357166035066
1314,0.0008003352131046,0.0010532870074435
1315,0.0008221560315102,0.0010876094163856
1316,0.0009804493792128,0.0012299735359513
1317,0.0009355308006868,0.0012355977126881
1318,0.0010347620868042,0.001154670396609
1319,0.0012030099050057,0.0013511018002022
1320,0.0010897469786915,0.0012287500161144
1321,0.0009262834322254,0.0013613314942387
1322,0.0009518090916711,0.0013108369422416
1323,0.0010797091855249,0.0012699653260956
1324,0.0009409748454488,0.0013903288706168
1325,0.0010833965096054,0.0013245659464392
1326,0.0007457286355975,0.0013994864474427
1327,0.0009462980388673,0.0015102527349984
1328,0.0007528779710387,0.0016559385747013
1329,0.000842655990537,0.0013897732937592
1330,0.000847758663311,0.0014496293815602
1331,0.0008444017635504,0.001295081190247
1332,0.0008714890744036,0.0012923746352939
1333,0.0006986545912634,0.001208654161726
1334,0.0008227383547349,0.0013533207458874
1335,0.0009039737292258,0.0012724175909774
1336,0.0007757342408578,0.0011620144715972
1337,0.0007478327282567,0.0010878018286375
1338,0.0007056093432528,0.0012224473698825
1339,0.0009259969515783,0.0012701426706183
1340,0.0010220786335613,0.0011449691742451
1341,0.0009555469848176,0.0012230960928922
1342,0.0009894968474215,0.0013916157655026
1343,0.0009964419429569,0.0014099133206312
1344,0.0009255334835562,0.0013003571374765
1345,0.000817678732863,0.0013378863092588
1346,0.0008178529732126,0.0015135651010623
1347,0.0010602182063011,0.0014326524504719
1348,0.0007619687538509,0.0010890727682136
1349,0.0008956239582731,0.0015480390387967
1350,0.0008537793801489,0.0012930603806333
1351,0.0010954962899041,0.0013607054329658
1352,0.0007880520051477,0.0014707892321252
1353,0.0008652488576217,0.0014692133641945
1354,0.0008747474030013,0.0014353582922984
1355,0.0007685808215297,0.0015082116572631
1356,0.0008557952186495,0.0015542561782771
1357,0.0009307529256281,0.0016678171535554
1358,0.0009710957655784,0.0017058243678655
1359,0.0008553648978703,0.0018748300188838
1360,0.0008660921860931,0.0014399021905714
1361,0.0007835284710346,0.0015946991038894
1362,0.0008324149223642,0.0017132458621755
1363,0.000899202639228,0.0016368858518186
1364,0.0008304418508397,0.0015468070429354
1365,0.0008485060170648,0.0015934819900485
1366,0.0007642736290002,0.0014700330327656
1367,0.0007708632086758,0.0015709395527184
1368,0.0008174725409275,0.0015704777194999
1369,0.0007528660769869,0.0015692309086781
1370,0.0006023512386252,0.0015834563069919
1371,0.0007174552816567,0.0015811537896795
1372,0.0008802705964835,0.0013455454211633
1373,0.0007515991086336,0.0014407133557355
1374,0.0005930280792936,0.0017642210382439
1375,0.000803047998531,0.0013690955606613
1376,0.0007777309223313,0.001539355583362
1377,0.0007544794121124,0.001879149430706
1378,0.0007813274083288,0.0016413782644179
1379,0.0008767475145181,0.0017510413431504
1380,0.0007448857167247,0.0017719252695011
1381,0.0008063724402011,0.0018779373414334
1382,0.0008550553498891,0.0019597271529629
1383,0.0006772172508931,0.0016964925948436
1384,0.000550595588948,0.0017151035552534
1385,0.0008361385410114,0.0017361921959586
1386,0.0007400851453917,0.001732252650409
1387,0.0007115876655161,0.0017867726697338
1388,0.0007728934142646,0.0015711864386484
1389,0.0007900555473806,0.0014776050427093
1390,0.000567746463897,0.0016367874689948
1391,0.0006761939065533,0.0016011475067843
1392,0.0005894938622074,0.0016245121482356
1393,0.0006172116856426,0.0014585850912824
1394,0.0003002139441491,0.0014324204542383
1395,0.0004441885388003,0.0014631564118284
1396,0.0003299184369822,0.0016018872744845
1397,0.0004803842521435,0.0015164147588839
1398,0.0005353391441614,0.0014553288886172
1399,0.0004519467197006,0.0016463729948539
1400,0.0004373586325643,0.001463648117006
1401,0.0003373548840379,0.0014611137033897
1402,5.556707292522778e-05,0.0015051313775053
1403,0.0004188340831667,0.0018511959138108
1404,0.0004205129188356,0.0017116950099329
1405,0.0002854782745263,0.0016848761563963
1406,0.0004260585939167,0.0015549635559022
1407,0.0004241997700646,0.0015492479239747
1408,0.0003565148456967,0.0015168573896047
1409,0.0002959388134892,0.0016186139958893
1410,0.000485001812202,0.0014566898059842
1411,0.0004226830904679,0.0015699738458835
1412,0.000303202036887,0.0015922365375972
1413,0.0003724934466869,0.0015808436870292
1414,0.0005512138663281,0.0014650577173472
1415,0.0003502245937372,0.0016998096696036
1416,0.0004804886785306,0.001630867903353
1417,0.0004699514222303,0.0015349089972657
1418,0.0005489297308974,0.001462289508143
1419,0.0002747952202334,0.0016017888292729
1420,0.0004051022829593,0.0013780897585394
1421,0.0005157808303282,0.0015858753571845
1422,0.0005308985264567,0.0012221477085791
1423,0.000238861588492,0.001481992518813
1424,0.0003270184867702,0.0014039298172804
1425,0.0004325787449661,0.001515840457262
1426,0.0003899569402357,0.0014220522165023
1427,0.0001875984668298,0.0013781719644661
1428,0.0002167497688335,0.0013725443099018
1429,0.0002122680589947,0.0015286048519493
1430,0.000189849729756,0.0014115247719443
1431,0.0003837549276256,0.0017032590785046
1432,0.0002624420532687,0.0014459562080798
1433,0.0002308832615912,0.0015519903254948
1434,0.0002099110618147,0.0014682952244892
1435,0.000666687606382,0.0015224993730603
1436,0.000184669146824,0.0015123431899504
1437,0.0001253264477514,0.0014886850270248
1438,0.0002879199622614,0.0012702091193395
1439,0.0003415398301326,0.0013541383064163
1440,0.0003846256877071,0.0013833408665868
1441,0.0003302779259358,0.0013768357107273
1442,0.0003179231903872,0.0013435137827558
1443,0.0004594920812475,0.0013991233601221
1444,0.0003071881533127,0.0013696482542951
1445,0.0003224725340648,0.0013327240925687
1446,0.0003635601089639,0.0013297122658206
1447,0.0003884209563848,0.0015076928919678
1448,0.0001043627494317,0.0013526514233625
1449,-1.9304284344739964e-05,0.0010618943487151
1450,0.0001642926369954,0.0013035524935449
1451,0.0001180828497163,0.0012337891206222
1452,5.650404433177325e-05,0.0013889612304074
1453,0.0001280317351124,0.0010980516255363
1454,0.0001671525382695,0.0012336525722395
1455,-4.2313380117342536e-05,0.0013805641268863
1456,-7.144201331762967e-05,0.0011999504450279
1457,-2.8897008394757062e-06,0.001191333322
1458,-1.765052855084992e-05,0.0013169648933216
1459,5.685747119027473e-05,0.001333401335088
1460,-0.0002356488806016,0.0013023854643576
1461,-7.102309684980934e-06,0.0012185835395307
1462,-7.307858829494474e-05,0.0011637691492507
1463,-9.578817312153044e-05,0.0012063608198028
1464,-0.0002098820933561,0.0010066524574145
1465,-5.341496335006801e-05,0.0010540014896075
1466,-0.0001724035450731,0.0014883152870441
1467,-0.0002013506483035,0.0012562278638656
1468,-9.687563082866336e-05,0.0009534478780249
1469,-0.0002136703986515,0.0010943560316108
1470,-9.933825104210814e-05,0.0010798607903626
1471,-0.0001418527234609,0.0009224041244897
1472,-8.950448843950132e-05,0.0008878552672079
1473,-0.0003053285469599,0.0008951973003542
1474,-0.000199722949369,0.0010566488514217
1475,-0.0001926959956284,0.0010215460938412
1476,-0.0001783698355745,0.001005421147257
1477,-0.0001594564691839,0.0010145410777941
1478,-0.000262655201284,0.0008478681181099
1479,-0.0002980253253864,0.001183174767932
1480,-8.343364363577743e-05,0.0011287235704134
1481,-0.0002589277592714,0.0010044470802351
1482,-6.075212710940359e-05,0.0009000413997885
1483,-0.0002999235538513,0.0010077552794
1484,-0.0001852716983984,0.0009944556175472
1485,-0.0004205450721737,0.0010555523610678
1486,-0.00053388273945,0.0009659008053604
1487,-0.0004600161668847,0.0010576260818445
1488,-0.0005018595972916,0.0009042264534828
1489,-0.0005576931305626,0.0008298584019719
1490,-0.0004480438456905,0.000960494018923
1491,-0.0003530290762592,0.0008747706454028
1492,-0.0005522519108102,0.0009067801720908
1493,-0.0004370562932162,0.0011080209394271
1494,-0.000261668223061,0.0008792156377537
1495,-0.0004104335528674,0.0008973204593683
1496,-0.0003030217042771,0.0010286231390492
1497,-0.0002336695012606,0.0008851956630774
1498,-0.0003995880712198,0.0009334832064908
1499,-0.0003934796310641,0.0007859238831871
1500,-0.0004206911228672,0.0006617685855601
1501,-0.0002059995472395,0.0007035473566802
1502,-0.0004569696637547,0.0006974039903738
1503,-0.0002475604913828,0.0006264878312958
1504,-0.0004042195089275,0.0006879629749945
1505,-0.0003778037939367,0.0007511243175454
1506,-0.0004046681547838,0.0008470515565921
1507,-0.0004920839999016,0.0006132435894478
1508,-0.0004258699518332,0.0007503665158351
1509,-0.0006049044952239,0.0008576541865795
1510,-0.0005308565772911,0.0007241465036281
1511,-0.0006757896082982,0.0006850220200618
1512,-0.0005671679620327,0.0007639201400978
1513,-0.0005917319411297,0.0005961227253496
1514,-0.0004656747574127,0.0007475048599841
1515,-0.0004622247976728,0.0006826658169638
1516,-0.0005691343946073,0.0005915321050474
1517,-0.0005182775469039,0.0006210304840363
1518,-0.0004787138197462,0.0007267539647335
1519,-0.0008321997453253,0.0005685816088933
1520,-0.0004110330233532,0.0007238996291674
1521,-0.0002200987215826,0.000429792389038
1522,-0.0004917945688886,0.0005925233047242
1523,-0.0005183306672024,0.0004901256253097
1524,-0.0006529180957477,0.0005558232804747
1525,-0.0005371650996462,0.0004637484363482
1526,-0.0007977185947165,0.0004208728094596
1527,-0.0005562103680131,0.0006385316666324
1528,-0.0005459059783735,0.0007215184248676
1529,-0.0007618292569658,0.0004909939512212
1530,-0.0007326041628493,0.0004872918820768
1531,-0.000692533789696,0.0004247223387658
1532,-0.0007383476106244,0.0004911715648602
1533,-0.0004930829516291,0.0004200853263686
1534,-0.0006055974138294,0.0003715910386332
1535,-0.0006882143740374,0.0005395606661635
1536,-0.000769399185327,0.0002933116224649
1537,-0.0008325354776078,0.0003745332698586
1538,-0.000728948419627,0.000437375621338
1539,-0.0010020983411775,0.0006630709374056
1540,-0.0007078739926648,0.0004947092244557
1541,-0.0005925298170795,0.0006289880382364
1542,-0.0007427740371508,0.0005948918823096
1543,-0.0007636458559346,0.0004497981078307
1544,-0.000850259157403,0.000695977913319
1545,-0.000804556207035,0.0006658557444259
1546,-0.0007227398524109,0.0005644617936926
1547,-0.0009244434160763,0.0006284018256605
1548,-0.0006632028248523,0.0005618259013334
1549,-0.0006751728627682,0.0007179292544345
1550,-0.0009162758117412,0.0005691380626217
1551,-0.0010330736387817,0.0005132968491402
1552,-0.0012251170965955,0.0005669580825433
1553,-0.0010529679241882,0.0005523667764073
1554,-0.0009905009474695,0.0003108380890373
1555,-0.0011145053319492,0.0005146318403185
1556,-0.0009817303228949,0.000309046025674
1557,-0.0010015320782473,0.0004011386104507
1558,-0.0010777955201478,0.0003612020236938
1559,-0.0010311006039262,0.0002857764112607
1560,-0.0009804383896537,0.0003530473934494
1561,-0.000902454828566,0.0004476724330714
1562,-0.0010789556636741,0.0002989983351132
1563,-0.0010814581303736,0.0002539830463891
1564,-0.0007767416570571,0.0003442575551909
1565,-0.0008624117875091,0.0002980562899558
1566,-0.0009465757460413,0.0004174772135651
1567,-0.0007469525055462,0.0001141052492592
1568,-0.0008179801725054,0.0003205666476947
1569,-0.0005832229494548,0.0001311075991637
1570,-0.0007304789355922,-2.062666789898193e-06
1571,-0.0006972754273902,4.842431824012006e-05
1572,-0.0008336199192033,0.0001370457611276
1573,-0.0007936471068649,0.0001536547590987
1574,-0.0009911112615671,-6.886228140423611e-05
1575,-0.0007694078844124,0.0001936291884142
1576,-0.000937497467367,-2.54957746723683e-05
1577,-0.0008258773033169,7.382172252765051e-05
1578,-0.0008060810866712,0.0001021074092005
1579,-0.0006990219139655,7.028105009826424e-05
1580,-0.000904827884464,0.0001073717451042
1581,-0.0009055052007594,0.0001679895287962
1582,-0.0007078572402679,0.0003610104652415
1583,-0.0008724249827534,0.0001934993432058
1584,-0.0007551920965067,3.0037230161206185e-06
1585,-0.000794082203421,1.1098073624538074e-05
1586,-0.000638759531697,-6.069900357952296e-05
1587,-0.0007474804164343,0.0002430158247665
1588,-0.0008090845002188,6.940832353086179e-05
1589,-0.0005162939337103,0.0001442571886152
1590,-0.0007033464006239,-5.939638277838166e-05
1591,-0.0007854439655542,8.38694485546243e-05
1592,-0.000683193678313,0.0002016054215652
1593,-0.0006736958276934,0.0001874020515556
1594,-0.0008703727134602,0.000384369482445
1595,-0.0007166249469224,0.000211524486276
1596,-0.0006360032515025,0.0001349317627171
1597,-0.0006350735633038,3.0051838561501176e-05
1598,-0.0007317573883305,0.0001702440078863
1599,-0.0006368965569231,6.244584448664159e-05
1600,-0.0008405424148376,8.044502524401365e-05
1601,-0.0006829470545401,0.0001880817804343
1602,-0.0007094103839676,0.0003018565649071
1603,-0.0006307411270779,-3.571742433094993e-06
1604,-0.0007086738243939,0.0001743373608507
1605,-0.0007159656335462,-8.323539979529504e-05
1606,-0.000741862229811,-0.0001368062764437
1607,-0.0009049467052833,-0.0002121444344854
1608,-0.0006760371853374,-0.0001334513746295
1609,-0.0008997528819501,8.708074968835633e-05
1610,-0.0007656964463362,5.954077104422528e-05
1611,-0.0006022094499972,-8.255735817738752e-05
1612,-0.0005130088852345,4.599603367644312e-05
1613,-0.0006861523656644,3.478303698370433e-05
1614,-0.0006747969267249,-0.0001259772396974
1615,-0.0007566404980076,6.181699459301138e-05
1616,-0.0008032484446202,4.4453388827275786e-05
1617,-0.0006708037524785,0.0001662187600392
1618,-0.0007034123809909,4.461330362931504e-05
1619,-0.0006430407050223,3.530157099482234e-05
1620,-0.0006482050014325,0.000110588468264
1621,-0.0006709714723423,0.0001455147158831
1622,-0.0006681980456081,0.0001537215480583
1623,-0.0005644092752896,1.4473612196613804e-05
1624,-0.0005144321421143,0.0001344748683476
1625,-0.0003767459156297,5.75157434396234e-05
1626,-0.0004782467889107,0.0001225397822663
1627,-0.0004024665994064,0.0001801910711679
1628,-0.0003722226391186,-1.938418483446447e-05
1629,-0.0003229216289645,-0.0001181390708913
1630,-0.0003542801192117,-0.0001017648628885
1631,-0.0004208190899074,2.1572471986808228e-05
1632,-0.0003976588513021,-0.0002048686253187
1633,-0.0002416822696069,-4.700256989439988e-05
1634,-7.831849530101631e-05,-4.035844632732655e-05
1635,-0.0001546353216447,-0.0001227571811457
1636,-0.0002119601839043,-0.0001699410065162
1637,-0.000136118449591,-0.0001612882493031
1638,-3.6056318852145663e-05,-0.0001682902316341
1639,-8.372642485826587e-05,7.374928532422054e-06
1640,-0.0003673105341828,-8.176968315698474e-05
1641,-0.0003561842471775,-0.000108249678017
1642,-0.000237887969081,-0.0001303435524798
1643,-0.0001485510034622,5.671846503021993e-05
1644,-5.529444334301248e-05,0.0001938195858854
1645,-0.0002562428278943,-2.6717947152476995e-06
1646,-0.0002717628318539,-0.0001791123813551
1647,-0.0002242140658655,-2.923237895924302e-05
1648,-0.0002309924768132,6.0966206643697785e-05
1649,-0.0001717359481484,-9.399793183817452e-05
1650,-0.000338446826859,4.731225562992769e-05
1651,-0.0003407026508658,0.0002434131047505
1652,-0.0003859734032602,7.858560140339144e-05
1653,-0.0003302942170009,0.0002508818268631
1654,-0.0002258561631624,0.0001231862581599
1655,-0.0003505518512258,0.0001417205675278
1656,-0.0003092142293636,0.0001707178218537
1657,-0.0002872775847178,-1.1499178708962443e-06
1658,-0.0003534354044499,0.0001653150118515
1659,-0.0003507259291866,6.695466948863915e-05
