result_id,question_id,name_zh,value,unit,uncertainty,abstract_text_zh,source_script,source_output,validation,status,used_in_abstract,last_updated
R-A-Q1-GATE,Q1,PAPER_A物理门禁,1,boolean,六项检查通过,问题一物理极限与单位换算检查通过,scripts/test_physics.py,output/results/q1_validation.json#sha256=ce4ceb027b90f23a1597cbec116112cd5805f0e87814f40c0b06cccc8993716f,normal-incidence_Fresnel_phase_units_nonnegative_halfwave,FROZEN,false,2026-08-08T19:40:00+08:00
R-A-Q2-D10,Q2,10度SiC厚度,7.8566358206,um,单角度有界多初值拟合,10度SiC厚度为7.8566微米,modules/30_q2/code/solve_q2_paper_a.py,output/results/q2_paper_a_results.json#sha256=ee625fd4e5cef323cc687caa6bfd754f1112c537a874c6d1bc42fd3491514571,RMSE=5.9820e-4_R2=0.9551,FROZEN,true,2026-08-10T13:20:00+08:00
R-A-Q2-D15,Q2,15度SiC厚度,7.6229574153,um,单角度有界多初值拟合,15度SiC厚度为7.6230微米,modules/30_q2/code/solve_q2_paper_a.py,output/results/q2_paper_a_results.json#sha256=ee625fd4e5cef323cc687caa6bfd754f1112c537a874c6d1bc42fd3491514571,RMSE=7.0652e-4_R2=0.9526,FROZEN,true,2026-08-10T13:20:00+08:00
R-A-Q2-DAVG,Q2,SiC综合厚度,7.7397966179,um,half_range=0.1168392027,SiC外延层厚度为7.7398微米,modules/30_q2/code/solve_q2_paper_a.py,output/results/q2_paper_a_results.json#sha256=ee625fd4e5cef323cc687caa6bfd754f1112c537a874c6d1bc42fd3491514571,两角度独立反演后等权平均,FROZEN,true,2026-08-10T13:20:00+08:00
R-A-Q3-SI-D10,Q3,10度Si_Airy厚度,3.2479974170,um,当前产物与正文数值待统一,10度Si厚度待统一,modules/40_q3/code/solve_q3_paper_a.py,output/results/q3_paper_a_results.json#sha256=cd63c0bbc3be5b89c581cc9be75cc3341cb3ae12f96239e5d87829ec48f273d5,RMSE=1.8738pp_R2=0.6312,STALE,true,2026-08-10T13:20:00+08:00
R-A-Q3-SI-D15,Q3,15度Si_Airy厚度,3.1875196791,um,当前产物与正文数值待统一,15度Si厚度待统一,modules/40_q3/code/solve_q3_paper_a.py,output/results/q3_paper_a_results.json#sha256=cd63c0bbc3be5b89c581cc9be75cc3341cb3ae12f96239e5d87829ec48f273d5,RMSE=3.3554pp_R2=0.0788,STALE,true,2026-08-10T13:20:00+08:00
R-A-Q3-SI-DAVG,Q3,Si_Airy综合厚度,3.2177585480,um,当前产物与正文数值待统一,Si外延层厚度待统一,modules/40_q3/code/solve_q3_paper_a.py,output/results/q3_paper_a_results.json#sha256=cd63c0bbc3be5b89c581cc9be75cc3341cb3ae12f96239e5d87829ec48f273d5,用户已接受诚实重算但正文尚待统一,STALE,true,2026-08-10T13:20:00+08:00
R-A-Q3-SIC-ETA,Q3,SiC第三束相对表面反射束最大强度比,4.850598864e-7,percent,当前产物与正文数值待统一,SiC第三束相对强度远低于0.1%工程参照,modules/40_q3/code/solve_q3_paper_a.py,output/results/q3_paper_a_results.json#sha256=cd63c0bbc3be5b89c581cc9be75cc3341cb3ae12f96239e5d87829ec48f273d5,10deg=4.8506e-7%_15deg=4.6603e-7%,STALE,true,2026-08-10T13:20:00+08:00
R-A-Q3-SIC-D,Q3,SiC回溯保留厚度,7.7397966179,um,Q2冻结结果回读,SiC仍取7.7398微米,modules/40_q3/code/solve_q3_paper_a.py,output/results/q3_paper_a_results.json#sha256=cd63c0bbc3be5b89c581cc9be75cc3341cb3ae12f96239e5d87829ec48f273d5,Q2依赖哈希闭合但Q3正文尚待统一,STALE,true,2026-08-10T13:20:00+08:00
